,open,high,low,close,volume
2013-12-12,21.3,21.92,21.25,21.5,26543600
2013-12-13,21.99,22.38,21.55,22.1,2513400
2013-12-16,23.13,25.95,21.52,21.52,9680700
2013-12-17,21.61,21.99,21.58,21.81,4748000
2013-12-18,21.83,22.18,21.66,21.83,5864300
2013-12-19,21.75,22.41,21.55,22.28,3014600
2013-12-20,22.5,22.55,21.86,21.93,2041400
2013-12-23,22.01,22.19,21.56,21.56,2504900
2013-12-24,21.6,21.67,21.15,21.51,2532300
2013-12-26,21.56,21.96,21.55,21.7,2686500
2013-12-27,21.6,21.84,21.55,21.6,2237300
2013-12-30,21.72,21.97,21.6,21.89,1789000
2013-12-31,22.0,22.47,21.95,22.25,2327600
2014-01-02,22.25,22.35,21.77,21.86,3619300
2014-01-03,21.8,22.09,21.75,22.01,946500
2014-01-06,21.99,22.12,21.76,22.0,2405600
2014-01-07,22.0,22.1,21.9,22.0,4088800
2014-01-08,22.03,22.03,21.8,22.03,2368500
2014-01-09,22.0,22.02,21.71,21.87,943100
2014-01-10,21.76,21.86,21.57,21.69,1666900
2014-01-13,21.56,21.83,21.56,21.72,1494300
2014-01-14,21.71,22.11,21.64,22.1,2568300
2014-01-15,22.05,22.17,21.83,21.91,1878100
2014-01-16,21.9,22.03,21.69,21.96,2318800
2014-01-17,21.96,22.56,21.8,22.25,5545100
2014-01-21,22.51,22.59,21.8361,21.92,2627000
2014-01-22,21.99,22.49,21.9,22.46,2931600
2014-01-23,22.43,22.66,22.1,22.66,1920800
2014-01-24,22.35,22.48,22.09,22.45,1828400
2014-01-27,22.45,22.45,21.89,21.99,2256400
2014-01-28,21.84,22.0,21.75,21.9,1408100
2014-01-29,21.81,21.88,21.56,21.66,898500
2014-01-30,21.76,21.82,21.6,21.66,1067600
2014-01-31,21.51,21.69,21.34,21.65,879500
2014-02-03,21.65,21.7,20.84,20.95,2288000
2014-02-04,21.0,21.0799,20.835,21.03,1715000
2014-02-05,20.85,20.96,20.55,20.8,1425700
2014-02-06,20.84,21.2,20.82,21.2,603500
2014-02-07,21.26,21.87,21.22,21.65,1052700
2014-02-10,21.67,21.69,21.3,21.41,1154100
2014-02-11,21.73,21.77,21.46,21.69,1318300
2014-02-12,21.74,21.95,21.62,21.89,896000
2014-02-13,21.78,22.02,21.65,21.95,1131900
2014-02-14,22.0,22.05,21.86,22.0,1329400
2014-02-18,22.0,22.0,21.73,21.76,1264400
2014-02-19,21.76,21.95,21.5,21.53,905000
2014-02-20,21.5,21.67,21.31,21.49,1235500
2014-02-21,21.5,22.19,21.47,22.15,2392800
2014-02-24,22.21,22.5,22.0401,22.26,1525000
2014-02-25,22.25,22.58,22.21,22.37,1689200
2014-02-26,22.41,22.68,22.3,22.54,2199800
2014-02-27,22.41,22.8601,21.8,22.49,4489400
2014-02-28,22.5,22.58,22.08,22.36,1991600
2014-03-03,22.22,22.5,22.11,22.49,1388700
2014-03-04,22.91,23.1,22.455,22.56,4734000
2014-03-05,22.47,22.89,22.45,22.77,1372200
2014-03-06,22.77,22.86,22.4,22.48,1400300
2014-03-07,22.45,22.83,22.4,22.71,1318100
2014-03-10,22.76,22.85,22.23,22.38,1892000
2014-03-11,22.39,22.46,22.0,22.11,1714300
2014-03-12,22.04,22.3993,21.77,22.35,1618300
2014-03-13,22.23,22.43,21.96,22.05,2037000
2014-03-14,21.96,22.26,21.87,22.03,1249800
2014-03-17,22.11,22.39,22.09,22.12,757700
2014-03-18,22.1,22.59,22.06,22.57,1390800
2014-03-19,22.52,22.525,22.16,22.26,1504900
2014-03-20,22.25,22.42,22.11,22.17,1339400
2014-03-21,22.27,22.99,22.15,22.99,6210900
2014-03-24,22.94,23.09,22.46,22.76,1982300
2014-03-25,22.78,22.9,22.48,22.48,1604200
2014-03-26,22.5,22.57,22.29,22.34,1604600
2014-03-27,22.31,22.515,22.17,22.23,1375900
2014-03-28,22.17,22.38,21.95,22.25,4253900
2014-03-31,22.34,22.43,22.0,22.24,10048500
2014-04-01,22.22,22.7,22.21,22.55,2159800
2014-04-02,22.5,22.691,22.45,22.47,2178300
2014-04-03,22.5,22.58,22.02,22.02,1968600
2014-04-04,22.03,22.05,21.56,21.59,5678500
2014-04-07,21.6,21.6311,21.26,21.37,1424700
2014-04-08,21.35,21.4,21.14,21.36,1408000
2014-04-09,21.43,21.65,21.38,21.51,1774600
2014-04-10,21.47,21.57,21.04,21.18,1083400
2014-04-11,21.1,21.38,20.96,21.25,1559800
2014-04-14,21.29,21.61,21.11,21.35,1057600
2014-04-15,21.51,21.51,21.0,21.38,995200
2014-04-16,21.27,21.615,21.23,21.6,1075200
2014-04-17,21.54,21.86,21.3,21.77,1652200
2014-04-21,21.72,21.72,21.37,21.46,1022200
2014-04-22,21.45,21.72,21.43,21.51,1050100
2014-04-23,21.48,21.65,21.36,21.49,964200
2014-04-24,21.56,21.67,21.46,21.5,620400
2014-04-25,21.5,21.52,21.24,21.33,420500
2014-04-28,21.34,21.43,21.05,21.37,1283900
2014-04-29,21.62,21.68,20.97,21.09,2652900
2014-04-30,21.21,21.85,21.15,21.83,1889700
2014-05-01,21.79,22.13,21.45,22.08,1437500
2014-05-02,22.08,22.665,22.04,22.05,2033600
2014-05-05,21.94,22.19,21.82,22.16,843100
2014-05-06,22.1,22.28,21.9,22.16,1401900
2014-05-07,22.8,22.98,22.105,22.66,2130100
2014-05-08,22.76,22.86,22.56,22.64,2488800
2014-05-09,23.73,23.8,22.78,23.07,7102200
2014-05-12,23.45,23.5501,22.67,22.98,3256000
2014-05-13,23.1,23.22,22.89,23.0,2254200
2014-05-14,23.0,23.06,22.29,22.55,2445500
2014-05-15,22.6,22.6,21.66,21.9,3737500
2014-05-16,22.0,22.06,21.44,21.87,2521600
2014-05-19,21.9,22.01,21.72,21.91,1991300
2014-05-20,21.93,21.99,21.37,21.41,2789100
2014-05-21,21.5,22.0,21.45,21.85,3843000
2014-05-22,21.84,22.05,21.84,21.99,2056900
2014-05-23,22.27,22.34,22.01,22.05,1083000
2014-05-27,22.18,22.33,21.95,22.24,2390200
2014-05-28,22.32,22.53,22.0,22.01,2163200
2014-05-29,22.06,22.2,21.875,22.18,1504000
2014-05-30,22.13,22.65,22.13,22.62,2611300
2014-06-02,22.62,22.84,22.4,22.78,2467400
2014-06-03,22.68,22.91,22.44,22.71,3046400
2014-06-04,22.63,22.95,22.59,22.77,1366000
2014-06-05,22.77,23.05,22.6,23.02,1803600
2014-06-06,23.02,23.36,22.72,23.28,2534900
2014-06-09,23.28,23.45,22.94,23.29,2534800
2014-06-10,23.16,23.67,23.16,23.43,2774000
2014-06-11,22.99,23.07,22.65,22.81,7533200
2014-06-12,22.59,22.83,22.42,22.48,3726100
2014-06-13,22.45,22.55,22.17,22.29,4255300
2014-06-16,22.3,22.75,22.01,22.21,5363400
2014-06-17,22.2,22.535,22.2,22.34,2552200
2014-06-18,22.3,22.46,22.225,22.35,2873500
2014-06-19,22.38,22.58,22.3,22.33,2666000
2014-06-20,22.46,22.46,22.26,22.26,3375100
2014-06-23,22.37,22.5,22.21,22.34,3232600
2014-06-24,22.34,22.901,22.31,22.5,11213600
2014-06-25,22.9,23.28,22.78,22.96,56091900
2014-06-26,22.93,23.02,22.79,22.86,15539600
2014-06-27,22.9,23.1,22.7,22.81,14082400
2014-06-30,22.8,23.325,22.73,23.3,6576200
2014-07-01,23.29,23.72,23.24,23.63,10280900
2014-07-02,23.5,23.91,23.42,23.86,6773000
2014-07-03,23.86,24.8,23.86,24.8,11249300
2014-07-07,24.6,24.71,24.4,24.5,7704000
2014-07-08,24.4,24.41,23.99,24.19,6014900
2014-07-09,24.3,24.77,24.16,24.72,5812900
2014-07-10,24.29,24.72,24.27,24.52,3834500
2014-07-11,24.01,24.52,24.01,24.32,2840900
2014-07-14,24.56,24.84,24.4,24.46,4914100
2014-07-15,24.45,24.72,24.41,24.57,3936000
2014-07-16,24.61,24.7,24.34,24.58,2699900
2014-07-17,24.43,24.695,24.0,24.07,6550200
2014-07-18,24.24,24.57,24.14,24.55,3735700
2014-07-21,24.45,24.925,24.45,24.83,4887800
2014-07-22,24.89,25.26,24.75,25.13,4151000
2014-07-23,25.06,25.59,25.04,25.51,6306400
2014-07-24,25.5,25.82,25.24,25.29,6865700
2014-07-25,25.19,25.54,25.07,25.28,1888300
2014-07-28,25.28,25.49,25.09,25.24,2346300
2014-07-29,25.35,25.38,24.9333,24.98,3460900
2014-07-30,25.15,25.32,24.44,24.68,6228000
2014-07-31,24.42,24.59,24.01,24.21,5578100
2014-08-01,24.5,24.55,23.15,24.29,9589500
2014-08-04,24.31,24.38,23.94,24.18,3417200
2014-08-05,24.12,24.2,23.5,23.72,5698300
2014-08-06,23.51,23.59,23.195,23.45,6017200
2014-08-07,23.63,23.965,23.59,23.68,4595000
2014-08-08,23.72,23.88,23.415,23.71,3243700
2014-08-11,23.95,24.255,23.85,24.06,1661000
2014-08-12,23.97,24.18,23.85,24.11,1415000
2014-08-13,24.21,24.58,24.07,24.49,2444100
2014-08-14,24.56,24.74,24.49,24.73,1896500
2014-08-15,24.87,24.95,24.39,24.67,2513200
2014-08-18,24.9,25.01,24.67,24.99,2201900
2014-08-19,25.01,25.25,24.91,25.11,2254800
2014-08-20,25.01,25.47,24.94,25.44,3353600
2014-08-21,25.4,25.64,25.37,25.54,2503300
2014-08-22,25.5,25.75,25.48,25.64,1943100
2014-08-25,25.65,25.72,25.43,25.72,2676100
2014-08-26,25.7,25.79,25.53,25.65,1973700
2014-08-27,25.67,25.92,25.64,25.76,2653100
2014-08-28,25.61,25.76,25.435,25.66,2809300
2014-08-29,25.66,25.71,25.2,25.32,10837500
2014-09-02,25.52,25.82,25.15,25.46,2762800
2014-09-03,25.56,25.64,25.22,25.28,4540000
2014-09-04,25.38,25.68,25.08,25.34,3269700
2014-09-05,25.36,25.9,25.15,25.76,3295700
2014-09-08,25.67,25.785,25.57,25.68,1194900
2014-09-09,25.6,25.78,25.4,25.51,3120400
2014-09-10,25.55,25.57,25.22,25.28,3606500
2014-09-11,24.8,25.2,24.66,24.84,6763900
2014-09-12,24.78,24.85,24.25,24.4,5286900
2014-09-15,24.4,24.48,24.09,24.13,3490400
2014-09-16,24.07,24.72,24.01,24.65,3902700
2014-09-17,24.69,25.12,24.64,25.01,5458700
2014-09-18,25.04,25.18,24.69,24.73,3630000
2014-09-19,24.81,24.85,24.575,24.75,4636300
2014-09-22,24.74,24.83,24.54,24.81,4507389
2014-09-23,24.73,24.83,24.65,24.69,4417574
2014-09-24,24.74,24.85,24.58,24.7,3154199
2014-09-25,24.67,24.68,24.39,24.5,4509474
2014-09-26,24.51,24.83,24.36,24.82,3872566
2014-09-29,24.63,24.76,24.47,24.55,2909720
2014-09-30,24.52,24.74,24.32,24.63,5410330
2014-10-01,24.54,24.6,23.73,24.0,7833668
2014-10-02,24.0,24.125,23.67,23.98,4383673
2014-10-03,24.19,24.38,24.09,24.32,1356833
2014-10-06,24.61,24.805,24.11,24.21,4336683
2014-10-07,24.0,24.2,23.8526,23.98,2927276
2014-10-08,24.03,24.07,23.56,23.92,3699013
2014-10-09,24.06,24.12,23.34,23.37,4585309
2014-10-10,23.31,23.34,22.73,22.77,5415322
2014-10-13,22.83,22.89,22.01,22.04,8724649
2014-10-14,22.25,22.42,21.62,22.03,6173023
2014-10-15,21.41,22.15,20.72,21.61,11466188
2014-10-16,21.25,22.35,21.14,21.86,11010237
2014-10-17,22.41,23.23,22.41,22.81,6644847
2014-10-20,22.84,23.66,22.79,23.62,4764207
2014-10-21,24.0,24.53,23.98,24.51,4565226
2014-10-22,24.61,24.67,23.92,24.01,3547824
2014-10-23,24.36,24.455,23.865,24.04,2760298
2014-10-24,23.97,24.28,23.75,24.24,1562054
2014-10-27,24.24,24.3,23.77,24.18,1899375
2014-10-28,24.22,24.61,24.0,24.36,4893655
2014-10-29,24.48,24.765,24.3,24.56,3357133
2014-10-30,24.38,25.21,24.3,25.01,4308936
2014-10-31,25.33,25.65,24.795,25.24,7106901
2014-11-03,24.85,25.57,24.79,25.25,5689826
2014-11-04,24.67,24.81,24.4,24.6,50517353
2014-11-05,24.76,25.1,24.65,25.04,14979685
2014-11-06,25.04,25.2,24.93,25.05,7923302
2014-11-07,25.17,25.2,24.81,24.97,4882567
2014-11-10,25.01,25.18,24.92,25.14,5144899
2014-11-11,25.13,25.295,25.05,25.21,5919341
2014-11-12,25.2,25.37,24.89,25.32,4473212
2014-11-13,25.4,25.52,24.94,25.37,5902161
2014-11-14,25.4,25.82,25.23,25.81,9078698
2014-11-17,25.62,25.755,25.36,25.42,3218223
2014-11-18,25.42,25.75,25.332,25.61,3771944
2014-11-19,25.52,25.69,25.35,25.52,2756870
2014-11-20,25.47,25.56,25.11,25.45,4979993
2014-11-21,25.75,25.755,25.5,25.52,5633026
2014-11-24,25.67,25.93,25.63,25.8,4188181
2014-11-25,25.79,26.16,25.76,26.15,4641540
2014-11-26,26.12,26.18,25.91,26.02,2681151
2014-11-28,26.15,26.35,26.14,26.22,1541207
2014-12-01,26.13,26.19,25.43,25.43,5558891
2014-12-02,25.57,25.69,25.485,25.51,5387642
2014-12-03,25.51,25.98,25.49,25.94,4579813
2014-12-04,25.9,26.22,25.75,26.0,9241183
2014-12-05,26.09,26.46,26.09,26.42,4639081
2014-12-08,26.38,26.49,26.2,26.34,2175650
2014-12-09,25.97,26.27,25.59,26.23,3145097
2014-12-10,26.14,26.405,25.95,25.99,2987970
2014-12-11,26.14,26.53,26.13,26.26,3265227
2014-12-12,26.17,26.26,25.85,25.87,3512387
2014-12-15,26.04,26.13,25.26,25.32,9258414
2014-12-16,25.09,25.25,24.74,24.74,8850155
2014-12-17,24.9,25.4,24.56,25.3,6006114
2014-12-18,25.63,25.88,25.41,25.87,4816153
2014-12-19,25.94,26.2,25.74,26.18,6203570
2014-12-22,26.18,26.35,25.96,26.0,3736473
2014-12-23,26.2,26.26,26.03,26.1,3795107
2014-12-24,26.05,26.35,26.01,26.21,1153024
2014-12-26,26.32,26.46,26.27,26.28,645458
2014-12-29,26.22,26.23,25.94,26.11,2438249
2014-12-30,26.05,26.23,25.98,26.09,1691874
2014-12-31,26.11,26.44,26.065,26.09,2289146
2015-01-02,26.2,26.27,25.48,25.94,3676718
2015-01-05,25.75,25.85,25.0,25.1,4334203
2015-01-06,25.05,25.06,24.36,24.87,7023332
2015-01-07,25.17,25.37,24.9201,25.27,4595307
2015-01-08,25.49,26.02,25.41,25.97,4306067
2015-01-09,25.97,26.03,25.65,25.71,4229687
2015-01-12,25.69,25.69,25.345,25.45,3428268
2015-01-13,25.96,26.25,25.3401,25.65,5942513
2015-01-14,25.36,25.93,25.16,25.93,4027492
2015-01-15,25.97,26.0,25.56,25.6,2376303
2015-01-16,25.48,25.88,25.37,25.86,2638786
2015-01-20,25.88,25.94,25.47,25.78,3059194
2015-01-21,25.7,26.0,25.5,25.88,2429165
2015-01-22,26.0,26.84,25.87,26.74,5487024
2015-01-23,26.75,26.9,26.52,26.56,3064212
2015-01-26,26.57,26.94,26.49,26.91,3315797
2015-01-27,26.63,26.79,26.26,26.47,2871044
2015-01-28,26.73,26.905,26.4,26.45,6516675
2015-01-29,26.4,26.54,26.13,26.38,5546904
2015-01-30,26.2,26.4,25.93,25.97,3451170
2015-02-02,26.0,26.15,25.55,26.12,6298807
2015-02-03,26.2,26.58,26.08,26.57,3462157
2015-02-04,26.7,26.76,26.18,26.33,4814362
2015-02-05,26.31,26.87,26.31,26.87,2435724
2015-02-06,26.97,27.25,26.34,26.36,9324509
2015-02-09,26.37,26.7,26.2,26.49,4925780
2015-02-10,26.86,27.47,26.77,27.46,6531724
2015-02-11,27.47,28.69,27.42,28.16,13577366
2015-02-12,28.37,28.63,28.11,28.44,8340763
2015-02-13,28.65,28.94,28.45,28.57,6523766
2015-02-17,28.57,28.9,28.34,28.65,5739512
2015-02-18,28.35,28.67,27.89,28.54,9203231
2015-02-19,28.54,28.69,28.35,28.35,5193475
2015-02-20,28.2,28.51,28.11,28.35,3926742
2015-02-23,28.2,28.27,27.86,27.92,4471574
2015-02-24,27.88,28.0,27.68,27.79,5164388
2015-02-25,27.82,27.97,27.73,27.92,5519377
2015-02-26,27.96,28.04,27.62,28.01,6084094
2015-02-27,28.0,28.29,28.0,28.27,4732380
2015-03-02,28.34,28.91,28.26,28.87,4167135
2015-03-03,28.84,29.2701,28.48,29.27,8480956
2015-03-04,29.16,29.168,28.5,28.96,9299985
2015-03-05,28.97,29.33,28.94,29.03,3970410
2015-03-06,28.8,28.9,28.22,28.24,5468608
2015-03-09,28.4,28.4,28.11,28.28,3707205
2015-03-10,27.87,28.12,27.68,27.91,6025828
2015-03-11,27.87,28.12,27.82,28.04,5903584
2015-03-12,28.22,28.811,28.22,28.31,4749568
2015-03-13,28.27,28.41,27.965,28.15,8205337
2015-03-16,28.28,29.1,28.28,28.98,5383498
2015-03-17,28.9,29.0,28.7,28.89,3540833
2015-03-18,28.85,29.33,28.65,29.3,3256273
2015-03-19,29.19,29.51,29.16,29.46,3475498
2015-03-20,29.64,29.71,29.25,29.31,6828148
2015-03-23,29.33,29.7,29.17,29.47,4170706
2015-03-24,29.41,29.62,29.16,29.48,6528473
2015-03-25,29.45,29.46,28.7,28.75,7530802
2015-03-26,28.55,29.38,28.45,29.18,10166935
2015-03-27,29.12,29.885,29.04,29.75,9734294
2015-03-30,29.91,30.063,29.51,29.63,5191417
2015-03-31,29.59,29.85,29.44,29.62,10486041
2015-04-01,29.68,29.7,29.09,29.28,4735920
2015-04-02,29.33,29.71,29.3,29.36,7102586
2015-04-06,29.25,29.73,29.22,29.62,6363698
2015-04-07,29.71,29.71,29.17,29.19,3527517
2015-04-08,30.08,30.53,29.82,30.51,11772158
2015-04-09,30.42,31.2,30.1549,31.1,8614182
2015-04-10,31.11,31.34,30.69,30.95,5796922
2015-04-13,30.53,30.8,30.39,30.48,3277999
2015-04-14,30.46,30.48,30.05,30.27,2740407
2015-04-15,30.47,30.685,30.21,30.21,2806585
2015-04-16,30.2,30.43,29.76,29.86,4042301
2015-04-17,29.61,29.845,29.415,29.6,3627490
2015-04-20,29.7,30.17,29.66,29.86,3896397
2015-04-21,30.02,30.24,29.87,30.11,2957207
2015-04-22,30.06,30.29,29.78,30.02,3220543
2015-04-23,30.02,30.46,29.93,30.31,2911223
2015-04-24,30.51,30.6,30.24,30.28,1971993
2015-04-27,30.42,30.69,29.62,29.64,4394574
2015-04-28,29.69,29.87,29.2,29.44,5894394
2015-04-29,30.44,31.6,29.615,29.76,12433551
2015-04-30,29.69,29.73,28.63,28.96,7941525
2015-05-01,29.18,29.905,29.02,29.83,5058567
2015-05-04,29.84,30.0,29.32,29.39,3076959
2015-05-05,29.31,29.37,28.88,29.04,2890603
2015-05-06,29.1,29.23,28.79,29.06,3435167
2015-05-07,29.1,29.56,29.07,29.48,3141240
2015-05-08,29.93,30.45,29.77,30.1,4186214
2015-05-11,29.71,29.85,29.58,29.69,26058805
2015-05-12,29.56,29.68,29.36,29.43,6350069
2015-05-13,29.48,29.58,29.06,29.11,5932806
2015-05-14,29.42,29.755,29.21,29.5,12808932
2015-05-15,29.64,29.84,29.435,29.5,10283996
2015-05-18,29.47,29.64,29.43,29.51,7082403
2015-05-19,29.59,29.77,29.51,29.59,4895604
2015-05-20,29.58,29.69,29.27,29.62,4282235
2015-05-21,29.63,29.63,29.25,29.28,20350502
2015-05-22,29.27,29.405,29.08,29.35,7422209
2015-05-26,29.66,29.71,29.09,29.17,6175383
2015-05-27,29.31,29.53,29.11,29.43,6556613
2015-05-28,29.33,29.48,29.06,29.41,6351697
2015-05-29,29.32,29.4,28.95,28.96,9166680
2015-06-01,29.1,29.31,29.0,29.17,7100214
2015-06-02,29.09,29.25,29.01,29.19,5889283
2015-06-03,29.35,29.55,29.25,29.29,6897566
2015-06-04,29.06,29.51,29.02,29.27,5204663
2015-06-05,29.27,29.42,29.19,29.39,6313104
2015-06-08,29.39,29.41,28.69,28.76,14547463
2015-06-09,28.8,29.24,28.785,29.18,10128156
2015-06-10,29.15,29.32,28.62,28.67,11410602
2015-06-11,28.82,28.94,28.64,28.8,7779763
2015-06-12,28.65,28.78,28.39,28.6,7951637
2015-06-15,28.7,28.89,28.39,28.42,14608947
2015-06-16,28.37,28.47,27.9899,28.03,15057750
2015-06-17,28.0,28.1025,27.59,27.93,25411803
2015-06-18,28.01,28.67,28.01,28.36,37935584
2015-06-19,28.28,28.53,28.06,28.09,13812336
2015-06-22,28.28,28.56,28.06,28.07,11103756
2015-06-23,28.05,28.21,27.85,28.1,10058773
2015-06-24,28.09,28.34,27.93,27.98,6107406
2015-06-25,28.07,28.24,27.88,27.99,8879200
2015-06-26,28.03,28.31,27.81,28.08,25975791
2015-06-29,27.75,27.99,27.3,27.33,8314954
2015-06-30,27.55,27.67,27.35,27.55,5600845
2015-07-01,27.82,28.03,27.66,27.78,5444055
2015-07-02,28.01,28.09,27.61,27.78,3384746
2015-07-06,27.63,28.02,27.39,27.8,5508273
2015-07-07,27.8,27.91,27.39,27.85,6217495
2015-07-08,27.64,27.66,27.09,27.21,6418096
2015-07-09,27.51,27.76,27.25,27.28,5756148
2015-07-10,27.65,28.02,27.54,27.89,6945404
2015-07-13,28.22,28.36,28.1201,28.17,6683912
2015-07-14,28.22,28.42,28.14,28.38,4743595
2015-07-15,28.45,28.52,28.11,28.14,5317264
2015-07-16,28.43,28.49,28.2001,28.25,5689722
2015-07-17,28.33,28.45,28.08,28.27,5162189
2015-07-20,28.27,28.4,28.11,28.32,3898549
2015-07-21,28.16,28.22,27.91,28.02,5735158
2015-07-22,27.99,28.09,27.841,27.99,4087436
2015-07-23,27.97,27.9925,26.77,27.05,14661571
2015-07-24,27.1,27.13,26.32,26.83,12074220
2015-07-27,26.53,26.79,26.26,26.5,9579672
2015-07-28,26.6,26.83,26.32,26.49,8378395
2015-07-29,27.04,27.91,26.95,27.71,19324589
2015-07-30,27.58,27.67,26.52,26.54,15538092
2015-07-31,26.82,27.05,26.475,26.85,9038312
2015-08-03,26.97,26.97,26.42,26.53,4941645
2015-08-04,26.49,26.685,26.05,26.16,7583737
2015-08-05,26.2,26.71,25.625,25.78,18014269
2015-08-06,25.73,25.73,25.165,25.69,15645420
2015-08-07,25.69,25.97,25.43,25.91,9034890
2015-08-10,26.11,26.27,26.02,26.21,8656670
2015-08-11,26.03,26.23,25.8,25.92,5998204
2015-08-12,25.82,25.9,25.27,25.84,6405328
2015-08-13,25.86,25.975,25.58,25.84,5553027
2015-08-14,25.76,25.83,25.39,25.62,4494424
2015-08-17,25.57,26.0455,25.47,26.02,3930884
2015-08-18,26.06,26.06,25.79,25.84,2480939
2015-08-19,25.78,25.95,25.52,25.71,4334815
2015-08-20,25.35,25.49,24.9,24.96,6672472
2015-08-21,24.65,24.93,24.42,24.5,6095529
2015-08-24,23.12,24.405,20.93,23.7,6758664
2015-08-25,24.58,24.64,23.54,23.54,11620962
2015-08-26,24.13,24.42,23.54,24.33,6732292
2015-08-27,24.61,25.02,24.28,24.88,8969226
2015-08-28,24.78,25.08,24.56,25.04,4425147
2015-08-31,24.95,25.17,24.73,24.83,4370716
2015-09-01,24.33,24.61,23.941,24.1,4392834
2015-09-02,24.38,24.48,24.14,24.39,4540975
2015-09-03,24.46,25.06,24.41,24.72,5800291
2015-09-04,24.3,24.74,24.19,24.6,7200441
2015-09-08,25.03,25.3851,24.94,25.35,5023561
2015-09-09,25.57,25.74,25.27,25.4,8626620
2015-09-10,25.4,25.69,25.16,25.46,8010515
2015-09-11,25.32,25.61,25.23,25.59,4810723
2015-09-14,25.57,25.69,25.38,25.47,5181866
2015-09-15,25.47,25.47,24.84,25.01,13736026
2015-09-16,25.09,25.59,25.05,25.47,7299416
2015-09-17,25.47,25.9,25.38,25.42,4515027
2015-09-18,24.81,24.81,23.94,23.96,13842823
2015-09-21,24.1,24.35,23.95,24.03,5597371
2015-09-22,23.7,23.78,23.35,23.68,6185475
2015-09-23,23.62,23.73,23.315,23.36,6472459
2015-09-24,23.3,23.44,23.005,23.19,7021010
2015-09-25,23.32,23.355,22.93,23.09,6071237
2015-09-28,22.94,22.98,21.97,22.04,7782311
2015-09-29,22.13,22.24,21.74,21.9,6129563
2015-09-30,22.1,22.94,22.0,22.94,9704404
2015-10-01,23.0,23.96,22.99,23.48,16354064
2015-10-02,23.15,23.66,22.81,23.58,34500234
2015-10-05,23.72,23.99,23.67,23.96,6021684
2015-10-06,24.03,24.17,23.7,23.79,4212995
2015-10-07,23.85,24.43,23.8,24.21,6316588
2015-10-08,24.18,25.13,24.05,24.89,6964028
2015-10-09,24.91,25.26,24.7,25.21,5730132
2015-10-12,25.18,25.47,25.09,25.22,3716090
2015-10-13,24.93,25.29,24.795,25.0,5772708
2015-10-14,24.94,25.11,24.37,24.42,5490614
2015-10-15,24.63,24.75,23.87,24.68,8360395
2015-10-16,24.44,24.62,23.995,24.22,6519123
2015-10-19,24.18,24.38,24.07,24.17,4094874
2015-10-20,24.27,24.93,24.23,24.92,6168390
2015-10-21,25.05,25.37,24.485,24.55,4376942
2015-10-22,24.8,25.44,24.72,25.22,6659066
2015-10-23,24.91,25.27,24.51,24.56,10635860
2015-10-26,24.57,25.14,24.53,25.0,4858293
2015-10-27,25.02,25.8,24.6,25.31,9726756
2015-10-28,26.04,26.27,24.4,25.09,17587779
2015-10-29,24.8,25.21,24.5,25.15,5614801
2015-10-30,25.16,25.25,24.82,24.99,3704567
2015-11-02,25.17,25.49,25.01,25.29,4685738
2015-11-03,25.19,25.71,24.93,25.57,5924369
2015-11-04,25.67,25.7,25.24,25.41,4555367
2015-11-05,25.37,25.875,25.31,25.67,3642518
2015-11-06,25.7,26.01,25.46,25.64,3107227
2015-11-09,25.49,25.58,25.06,25.44,4035690
2015-11-10,25.42,25.73,25.325,25.7,3948545
2015-11-11,25.83,25.9,25.569,25.6,3260906
2015-11-12,25.34,25.37,25.01,25.12,4403659
2015-11-13,25.01,25.0699,24.33,24.42,5170809
2015-11-16,24.2,24.22,23.19,23.84,21523417
2015-11-17,24.02,24.06,23.04,23.15,13559855
2015-11-18,23.2,23.46,22.94,23.41,11612280
2015-11-19,23.5,23.64,23.29,23.5,4704354
2015-11-20,23.78,23.95,23.35,23.52,4342002
2015-11-23,23.55,24.06,23.55,23.64,3708832
2015-11-24,23.1,23.5,23.04,23.45,6001729
2015-11-25,23.48,23.65,23.24,23.34,5028650
2015-11-27,23.26,23.39,23.195,23.3,1860365
2015-11-30,23.29,23.36,22.92,23.22,5037071
2015-12-01,23.4,23.615,23.2,23.59,3913812
2015-12-02,23.54,23.57,23.14,23.29,4246092
2015-12-03,23.77,23.83,22.54,22.84,6154034
2015-12-04,22.96,23.21,22.83,23.05,4365370
2015-12-07,23.07,23.15,22.4,22.67,6036167
2015-12-08,22.18,22.62,22.12,22.52,4077831
2015-12-09,22.45,22.79,21.74,21.74,10910619
2015-12-10,21.86,22.205,21.77,22.09,7734925
2015-12-11,21.77,21.89,21.5,21.8,7441038
2015-12-14,21.64,21.88,20.91,21.28,11324087
2015-12-15,21.52,21.725,21.3,21.34,7063971
2015-12-16,21.54,23.71,21.45,22.45,19086549
2015-12-17,22.87,22.88,22.1,22.12,7136750
2015-12-18,22.02,22.37,21.38,21.46,7672412
2015-12-21,21.53,21.64,21.215,21.37,8442340
2015-12-22,21.35,21.99,21.28,21.76,10103583
2015-12-23,21.77,22.12,21.46,22.04,7377581
2015-12-24,22.02,22.12,21.81,21.87,1471950
2015-12-28,21.83,21.97,21.55,21.78,3075277
2015-12-29,21.91,21.98,21.6125,21.79,2602941
2015-12-30,21.67,21.88,21.57,21.6,3292126
2015-12-31,21.58,21.85,21.395,21.4,3463944
2016-01-04,21.2,21.27,20.65,21.09,7207030
2016-01-05,21.1,21.35,20.92,21.1,4545893
2016-01-06,20.73,20.79,19.84,20.0,14289020
2016-01-07,19.62,19.83,19.14,19.25,26757041
2016-01-08,19.48,19.8,19.13,19.15,7050748
2016-01-11,19.26,19.64,19.0,19.24,8763754
2016-01-12,19.43,19.665,19.22,19.56,7186572
2016-01-13,19.49,19.59,18.49,18.54,10306021
2016-01-14,18.09,18.43,17.605,18.4,11945350
2016-01-15,17.81,17.9,17.32,17.75,12041660
2016-01-19,17.92,17.99,16.94,17.31,7259385
2016-01-20,17.02,18.05,16.16,17.74,17596577
2016-01-21,17.73,18.64,17.71,18.36,15696313
2016-01-22,18.66,18.87,17.995,18.27,8350102
2016-01-25,18.26,18.38,17.29,17.42,8602029
2016-01-26,17.59,18.53,17.48,18.49,9378932
2016-01-27,18.33,18.5,17.795,17.92,7270812
2016-01-28,18.16,18.17,17.12,17.18,9489277
2016-01-29,17.27,17.81,17.17,17.81,8567723
2016-02-01,17.77,18.055,17.52,17.96,5924675
2016-02-02,17.68,17.68,17.09,17.28,7145955
2016-02-03,17.39,17.51,16.59,17.41,6260573
2016-02-04,17.24,18.15,17.2,18.09,7193823
2016-02-05,18.03,18.11,17.45,17.6,6925084
2016-02-08,17.4,17.63,17.08,17.48,10400220
2016-02-09,17.4,18.23,17.22,17.64,7447060
2016-02-10,17.73,18.345,17.72,18.08,7018750
2016-02-11,17.68,17.98,17.53,17.85,11503144
2016-02-12,18.1,18.64,17.995,18.54,8639255
2016-02-16,18.84,19.12,18.46,18.99,7936087
2016-02-17,19.1,19.79,19.1,19.7,9608177
2016-02-18,19.63,19.97,19.04,19.61,8724414
2016-02-19,19.51,19.95,19.09,19.88,10784347
2016-02-22,20.16,20.49,19.55,19.9,7014741
2016-02-23,19.85,20.305,19.78,19.88,5883960
2016-02-24,19.7,19.94,19.23,19.89,7014725
2016-02-25,19.93,20.28,19.665,20.2,5463173
2016-02-26,21.25,21.44,20.25,20.7,12815947
2016-02-29,20.7,20.81,20.145,20.78,10664588
2016-03-01,20.98,21.15,20.63,20.95,6149347
2016-03-02,20.96,21.4,20.95,21.39,6456949
2016-03-03,21.35,21.66,21.24,21.59,4623666
2016-03-04,21.68,21.895,21.47,21.89,5672125
2016-03-07,21.78,21.94,21.51,21.56,5276453
2016-03-08,21.38,21.43,20.92,20.94,5887482
2016-03-09,21.06,21.11,20.52,20.77,4798708
2016-03-10,20.91,20.96,20.11,20.51,5281798
2016-03-11,20.79,21.26,20.44,21.26,5736627
2016-03-14,21.64,21.73,21.28,21.31,8241766
2016-03-15,21.15,21.23,20.92,21.12,4178675
2016-03-16,20.98,21.3,20.86,21.23,6299742
2016-03-17,21.14,21.27,20.75,21.24,4818229
2016-03-18,21.38,22.12,21.38,22.01,8492325
2016-03-21,22.12,22.6,22.06,22.41,9895771
2016-03-22,22.12,22.37,21.97,22.28,9112874
2016-03-23,22.27,22.33,21.81,21.94,5588455
2016-03-24,21.84,22.07,21.65,22.07,8029747
2016-03-28,22.21,22.46,21.72,22.28,6179470
2016-03-29,22.29,22.5,22.105,22.46,6199317
2016-03-30,22.64,22.78,22.38,22.73,6361250
2016-03-31,22.74,22.89,22.48,22.52,3944091
2016-04-01,22.06,22.15,21.4824,22.01,15010808
2016-04-04,22.04,22.31,21.85,22.19,4533924
2016-04-05,21.97,22.0,21.675,21.84,6723665
2016-04-06,21.81,22.26,21.63,22.25,6426224
2016-04-07,22.05,22.19,21.91,22.1,6575715
2016-04-08,22.36,22.62,22.21,22.3,5669361
2016-04-11,22.43,22.69,22.29,22.3,5145419
2016-04-12,22.6,22.855,22.39,22.46,9156110
2016-04-13,22.53,22.82,22.42,22.8,5831638
2016-04-14,22.87,23.01,22.7,22.71,4637963
2016-04-15,22.62,22.75,22.275,22.49,4991924
2016-04-18,22.48,22.53,22.13,22.23,6944411
2016-04-19,22.25,22.45,22.08,22.31,4999820
2016-04-20,22.39,22.4,21.92,21.92,12304747
2016-04-21,22.02,22.5,22.02,22.12,8724957
2016-04-22,22.05,22.24,21.5,21.65,9837343
2016-04-25,21.69,22.02,21.69,21.74,7888321
2016-04-26,21.74,21.84,21.22,21.64,10678112
2016-04-27,21.48,22.5,21.43,22.28,8448563
2016-04-28,22.19,22.67,22.06,22.24,8246684
2016-04-29,22.22,22.27,21.88,22.05,5982588
2016-05-02,22.19,22.27,21.94,22.25,6399194
2016-05-03,22.02,22.33,21.98,22.2,6498630
2016-05-04,22.02,22.205,21.89,22.04,8945894
2016-05-05,22.09,22.27,21.965,22.04,3615482
2016-05-06,21.87,22.13,21.75,22.03,5030736
2016-05-09,22.01,22.16,21.84,22.14,4337257
2016-05-10,22.3,22.92,22.05,22.84,8382209
2016-05-11,22.69,22.825,22.2,22.28,8248650
2016-05-12,22.32,22.38,21.68,21.93,6700919
2016-05-13,21.84,22.13,21.46,21.5,5900857
2016-05-16,21.55,21.85,21.47,21.76,4413958
2016-05-17,21.68,21.96,21.52,21.75,8038817
2016-05-18,21.53,21.8,20.875,21.08,11555036
2016-05-19,20.43,20.66,20.25,20.62,16620807
2016-05-20,20.64,20.8,20.5,20.54,6423022
2016-05-23,20.5,20.78,20.45,20.62,7988399
2016-05-24,20.75,20.975,20.48,20.84,5903676
2016-05-25,20.85,21.08,20.49,20.96,9579009
2016-05-26,20.99,21.0,20.45,20.5,5336908
2016-05-27,20.53,20.84,20.5,20.75,4711858
2016-05-31,20.79,20.9,20.56,20.78,6974863
2016-06-01,20.78,20.97,20.74,20.94,3505628
2016-06-02,20.96,21.73,20.86,21.61,9865553
2016-06-03,21.52,21.75,21.245,21.72,14304139
2016-06-06,21.75,22.08,21.72,22.01,11360868
2016-06-07,22.03,22.115,21.8,21.83,4218341
2016-06-08,21.87,21.965,21.48,21.72,5607073
2016-06-09,21.62,21.7,21.4,21.6,3483490
2016-06-10,21.36,21.37,21.01,21.18,5150169
2016-06-13,21.15,21.45,21.05,21.18,5171218
2016-06-14,21.03,21.27,21.01,21.14,5847454
2016-06-15,21.25,21.965,21.2,21.68,9186147
2016-06-16,21.55,21.8,21.215,21.74,7408127
2016-06-17,21.74,22.49,21.74,22.47,10334084
2016-06-20,22.71,23.28,22.68,23.16,12868698
2016-06-21,23.14,23.17,22.76,22.87,8223028
2016-06-22,22.97,23.19,22.8,22.87,5355169
2016-06-23,23.17,23.6,23.05,23.43,10769261
2016-06-24,22.44,22.85,21.74,21.85,16846128
2016-06-27,21.63,21.63,20.86,21.13,13324607
2016-06-28,21.46,21.69,21.13,21.52,7689675
2016-06-29,21.81,22.7,21.81,22.29,11656019
2016-06-30,22.39,22.54,22.14,22.53,9074638
2016-07-01,22.58,22.93,22.58,22.88,4039771
2016-07-05,22.76,22.82,22.18,22.38,4618979
2016-07-06,22.3,22.58,22.17,22.57,4886465
2016-07-07,22.62,23.01,22.6,22.84,7027328
2016-07-08,23.13,23.3525,23.07,23.33,3532257
2016-07-11,23.5,23.57,23.37,23.46,3722692
2016-07-12,23.69,23.94,23.61,23.76,11396147
2016-07-13,23.74,23.78,23.22,23.62,6805778
2016-07-14,23.81,23.91,23.65,23.71,2944496
2016-07-15,23.58,23.9,23.46,23.79,3802009
2016-07-18,23.81,24.05,23.76,23.99,6465480
2016-07-19,23.65,24.03,23.53,23.89,6813920
2016-07-20,24.03,24.16,23.8,24.0,6716566
2016-07-21,23.92,24.43,23.86,23.97,8741885
2016-07-22,23.97,24.36,23.86,24.34,7620235
2016-07-25,24.31,24.42,23.91,23.94,6305015
2016-07-26,23.9,24.03,23.82,23.87,9039529
2016-07-27,23.7,23.8,23.13,23.17,16584485
2016-07-28,23.09,23.1,22.62,22.89,10841301
2016-07-29,22.81,23.22,22.76,23.19,11099043
2016-08-01,23.15,23.37,23.02,23.32,4931570
2016-08-02,23.18,23.38,22.59,22.87,4986610
2016-08-03,22.77,23.13,22.56,22.83,6809498
2016-08-04,22.83,23.12,22.75,23.08,4873043
2016-08-05,23.23,23.54,23.17,23.45,4032273
2016-08-08,23.5,23.98,23.46,23.82,7870720
2016-08-09,23.76,24.02,23.59,23.68,13091722
2016-08-10,23.72,23.85,23.41,23.56,7960417
2016-08-11,23.67,23.88,23.59,23.66,10215976
2016-08-12,23.57,23.93,23.53,23.91,7197267
2016-08-15,23.99,24.13,23.81,24.12,6020106
2016-08-16,24.09,24.42,23.9765,24.37,6943875
2016-08-17,24.3,24.35,24.13,24.28,14937491
2016-08-18,24.23,24.34,24.14,24.15,13553806
2016-08-19,24.05,24.18,23.99,24.17,4838999
2016-08-22,24.12,24.22,24.03,24.15,2668324
2016-08-23,24.2,24.325,24.12,24.13,3977877
2016-08-24,24.13,24.305,23.94,24.17,4524039
2016-08-25,24.12,24.21,23.99,24.2,3242566
2016-08-26,24.16,24.32,23.87,24.02,5034340
2016-08-29,24.01,24.18,23.98,24.0,3934322
2016-08-30,24.06,24.11,23.67,23.78,9436387
2016-08-31,23.54,23.975,23.54,23.87,5608895
2016-09-01,24.06,24.06,23.6,23.77,9614956
2016-09-02,23.64,23.95,23.63,23.74,2990533
2016-09-06,23.74,23.78,23.455,23.63,2778720
2016-09-07,23.64,23.76,23.58,23.65,2962841
2016-09-08,23.61,23.71,23.36,23.41,4077750
2016-09-09,23.2,23.29,22.695,22.73,8920398
2016-09-12,22.55,23.15,22.5,23.05,7762958
2016-09-13,22.81,23.06,22.775,22.93,5789990
2016-09-14,22.92,23.23,22.72,23.13,6068178
2016-09-15,23.04,23.28,23.04,23.1,4369726
2016-09-16,23.02,23.18,22.95,23.03,4803206
2016-09-19,23.12,23.25,22.96,23.02,3426878
2016-09-20,23.13,23.4631,23.11,23.31,5262452
2016-09-21,23.3,23.34,22.905,23.31,8939026
2016-09-22,23.42,23.6663,23.4,23.57,4155733
2016-09-23,23.44,23.7,23.42,23.6,3102392
2016-09-26,23.39,23.47,22.92,22.95,6292268
2016-09-27,22.99,23.145,22.95,23.06,3653375
2016-09-28,23.14,23.21,22.74,22.86,12997972
2016-09-29,22.8,23.1,22.66,22.82,10052511
2016-09-30,22.85,23.12,22.795,22.93,5744492
2016-10-03,22.94,23.085,22.815,22.88,3567716
2016-10-04,22.98,23.04,22.72,22.83,7172901
2016-10-05,22.81,22.92,22.68,22.74,4998225
2016-10-06,22.75,22.82,22.415,22.53,6342088
2016-10-07,22.54,22.67,22.33,22.43,3246630
2016-10-10,22.56,22.95,22.53,22.83,6911442
2016-10-11,22.77,22.83,22.5,22.55,7301365
2016-10-12,22.57,22.81,22.5,22.75,6196441
2016-10-13,22.48,22.865,22.24,22.72,6778017
2016-10-14,22.8,23.08,22.77,22.89,9558013
2016-10-17,22.81,23.015,22.73,22.75,5029072
2016-10-18,22.96,23.12,22.83,23.03,4715503
2016-10-19,23.13,23.33,23.03,23.1,3944616
2016-10-20,23.1,23.17,22.825,23.0,7180247
2016-10-21,22.9,23.11,22.75,22.91,5569061
2016-10-24,23.52,23.76,22.9,22.94,20296278
2016-10-25,22.79,22.91,22.63,22.73,7289836
2016-10-26,22.11,22.42,22.0,22.32,15524376
2016-10-27,21.8,22.36,21.8,22.25,10650781
2016-10-28,22.27,22.42,22.09,22.25,7517928
2016-10-31,22.6,22.7,22.47,22.6,11312868
2016-11-01,22.75,22.75,22.15,22.44,6301121
2016-11-02,22.44,22.69,22.27,22.3,7909330
2016-11-03,22.41,22.75,22.25,22.28,7021628
2016-11-04,22.26,22.77,22.26,22.59,9194057
2016-11-07,22.85,22.94,22.74,22.91,6543760
2016-11-08,22.56,23.47,22.43,23.3,8908643
2016-11-09,23.08,23.73,22.68,23.61,8759200
2016-11-10,23.59,23.66,23.355,23.46,21619011
2016-11-11,23.51,23.73,23.43,23.71,7450429
2016-11-14,23.79,24.5,23.65,24.32,13657829
2016-11-15,24.32,24.54,24.26,24.49,8015465
2016-11-16,24.41,24.77,24.41,24.55,8618060
2016-11-17,24.55,24.675,24.33,24.57,10277466
2016-11-18,24.58,24.64,24.345,24.42,6831958
2016-11-21,24.53,24.65,24.445,24.63,7922873
2016-11-22,24.69,24.87,24.64,24.85,6202042
2016-11-23,24.84,25.06,24.67,25.03,6979003
2016-11-25,25.1,25.45,25.07,25.31,2231811
2016-11-28,25.17,25.265,24.8,24.81,11120646
2016-11-29,24.89,25.13,24.77,24.81,10473061
2016-11-30,24.8,25.135,24.64,25.07,10632611
2016-12-01,25.19,25.38,24.98,25.21,17947946
2016-12-02,25.16,25.37,25.11,25.26,9187654
2016-12-05,25.81,26.14,25.59,26.09,18427795
2016-12-06,26.17,26.34,26.01,26.31,16349497
2016-12-07,26.36,27.275,26.26,27.04,17666087
2016-12-08,27.05,27.32,26.185,26.24,12029352
2016-12-09,26.38,26.83,26.26,26.52,7386262
2016-12-12,26.31,26.4,25.725,25.99,13697241
2016-12-13,26.109,26.44,26.05,26.38,8504427
2016-12-14,26.43,26.89,26.3,26.68,14636893
2016-12-15,26.98,27.39,26.81,27.31,15484510
2016-12-16,27.38,27.57,27.18,27.53,16625775
2016-12-19,27.55,27.87,27.47,27.7,21121577
2016-12-20,27.76,27.95,27.63,27.74,13421572
2016-12-21,27.83,27.95,27.69,27.73,10550172
2016-12-22,27.77,27.88,27.3531,27.45,6979782
2016-12-23,27.39,27.5,27.3,27.37,3149754
2016-12-27,27.51,27.6086,27.35,27.43,6458368
2016-12-28,27.52,27.56,27.02,27.05,11059168
2016-12-29,27.13,27.29,26.95,27.25,2823914
2016-12-30,27.25,27.35,27.03,27.2,4541646
2017-01-03,27.57,27.62,27.0,27.39,6829108
2017-01-04,57.3,59.755,57.3,58.0,5614786
2017-01-05,58.06,58.42,56.84,57.32,5122197
2017-01-06,57.18,57.56,56.23,57.47,3358993
2017-01-09,57.3,57.3,56.48,56.96,3921784
2017-01-10,56.96,57.0,55.78,56.02,3384687
2017-01-11,55.76,56.31,55.71,56.0,2781558
2017-01-12,56.11,56.3,55.0,55.4,7378615
2017-01-13,55.57,56.25,55.48,56.22,3058612
2017-01-17,56.32,56.32,55.68,56.09,2828854
2017-01-18,56.13,56.95,56.015,56.95,2854577
2017-01-19,57.49,57.91,57.28,57.5,4201438
2017-01-20,57.54,58.08,57.54,57.7,2350521
2017-01-23,57.71,57.84,57.19,57.75,2315248
2017-01-24,58.01,58.3,57.71,58.1,1857079
2017-01-25,58.1,58.94,58.1,58.78,1993843
2017-01-26,59.05,59.27,58.675,58.75,2989690
2017-01-27,58.87,58.995,58.47,58.55,1336010
2017-01-30,58.24,58.38,57.63,58.04,1719506
2017-01-31,57.77,57.96,57.565,57.58,2273903
2017-02-01,57.93,58.11,57.23,57.35,3690042
2017-02-02,57.53,57.69,57.13,57.3,2620139
2017-02-03,57.33,57.82,57.3,57.8,1353287
2017-02-06,57.56,58.225,57.39,57.72,1710372
2017-02-07,57.98,58.24,57.63,57.81,2061451
2017-02-08,57.72,58.43,57.47,58.26,1025028
2017-02-09,58.35,58.92,58.19,58.64,1476834
2017-02-10,58.84,58.84,58.48,58.69,1190984
2017-02-13,58.87,59.17,58.64,58.85,1915267
2017-02-14,58.79,58.905,58.42,58.47,2317318
2017-02-15,58.42,59.84,57.5,59.46,4716207
2017-02-16,59.54,60.49,59.14,59.24,3145260
2017-02-17,59.03,59.03,58.06,58.5,2778247
2017-02-21,58.65,58.65,57.98,58.02,2058818
2017-02-22,57.87,58.14,57.6,57.85,2581155
2017-02-23,58.09,58.21,57.115,57.21,1614889
2017-02-24,57.32,58.01,57.18,57.78,1511282
2017-02-27,57.77,58.1,57.41,58.02,1395988
2017-02-28,58.04,58.18,57.05,57.2,2634802
2017-03-01,57.89,58.19,57.52,57.7,2753721
2017-03-02,57.52,58.335,57.3435,58.17,2835790
2017-03-03,57.72,57.785,56.47,57.75,3303351
2017-03-06,57.44,57.599,56.97,57.31,1804281
2017-03-07,57.22,57.22,56.3,56.64,2394174
2017-03-08,56.93,56.99,56.27,56.29,2710824
2017-03-09,56.31,56.61,55.79,55.84,1606783
2017-03-10,56.07,56.5,55.94,56.48,2443194
2017-03-13,56.5,57.52,56.42,57.51,1811926
2017-03-14,57.34,57.5,57.07,57.29,1818298
2017-03-15,57.45,58.365,57.38,58.15,1993542
2017-03-16,58.21,58.8,58.07,58.21,1580679
2017-03-17,58.59,58.645,57.835,57.92,1270128
2017-03-20,57.92,58.085,57.31,57.5,999797
2017-03-21,57.89,58.35,56.63,56.69,2150392
2017-03-22,56.62,57.83,56.39,57.7,1514628
2017-03-23,57.81,58.805,57.7,58.32,1996876
2017-03-24,58.37,58.79,58.04,58.31,1066652
2017-03-27,57.88,58.03,57.33,57.85,2571953
2017-03-28,57.92,59.1,57.55,58.67,1871478
2017-03-29,58.44,58.96,58.35,58.61,1549108
2017-03-30,58.62,59.44,58.6,58.77,1965442
2017-03-31,58.66,59.18,58.36,58.46,2283908
2017-04-03,57.87,58.45,57.05,57.62,3273208
2017-04-04,57.41,57.53,56.76,57.07,2188466
2017-04-05,57.31,57.69,56.685,56.75,2314197
2017-04-06,56.99,57.12,56.536,57.1,1107245
2017-04-07,57.08,57.08,55.91,56.6,3066168
2017-04-10,57.35,57.55,56.88,57.18,2650977
2017-04-11,57.35,57.54,56.94,57.48,1369548
2017-04-12,57.62,57.6301,57.16,57.42,1929591
2017-04-13,57.39,57.76,57.1,57.11,2129243
2017-04-17,57.34,57.48,56.95,57.33,1965753
2017-04-18,57.1,57.4,56.24,56.86,1730056
2017-04-19,57.17,57.36,56.6575,56.92,1939810
2017-04-20,57.09,57.85,56.28,57.59,5217223
2017-04-21,57.64,57.64,57.15,57.35,1197906
2017-04-24,58.0,58.17,57.77,58.04,2150690
2017-04-25,58.2,58.73,58.12,58.54,1329956
2017-04-26,58.38,61.02,58.28,60.6,4502396
2017-04-27,60.74,60.74,59.88,60.24,1695356
2017-04-28,60.36,60.37,58.41,58.97,3223001
2017-05-01,59.4,60.0499,58.9,59.32,2957157
2017-05-02,61.46,61.82,59.96,61.49,4208795
2017-05-03,61.45,61.87,60.76,61.0,2471683
2017-05-04,61.15,61.29,60.12,60.5,2316266
2017-05-05,60.68,61.12,60.67,61.07,2605516
2017-05-08,61.07,61.4,60.505,60.68,2005769
2017-05-09,61.8,63.41,61.64,62.33,3562075
2017-05-10,62.16,62.4,61.59,62.12,1954514
2017-05-11,61.8,62.36,61.51,62.21,1348750
2017-05-12,62.1,62.31,61.845,62.1,1163771
2017-05-15,62.24,62.75,62.11,62.62,2124949
2017-05-16,62.69,62.87,62.16,62.43,2114829
2017-05-17,61.82,61.88,61.017,61.3,1765154
2017-05-18,61.3,62.81,60.96,62.44,2239456
2017-05-19,62.8,64.05,62.615,63.85,2605372
2017-05-22,63.78,65.32,63.67,65.25,3643601
2017-05-23,65.5,66.39,64.91,65.49,4021770
2017-05-24,65.77,66.29,65.1,65.48,3026655
2017-05-25,65.76,66.105,65.13,65.13,2766641
2017-05-26,65.16,65.55,64.94,65.34,1445801
2017-05-30,65.26,65.7,65.13,65.54,1104545
2017-05-31,65.85,66.585,65.35,66.47,3401960
2017-06-01,66.71,67.5,66.32,66.64,2001934
2017-06-02,66.97,67.54,66.525,67.41,1590404
2017-06-05,67.67,67.79,66.97,66.99,1599191
2017-06-06,66.58,66.71,65.55,65.76,1999448
2017-06-07,65.76,66.27,65.42,66.15,2661162
2017-06-08,65.26,65.5,64.66,65.02,8180391
2017-06-09,65.35,65.86,64.02,64.75,7990937
2017-06-12,66.31,66.46,65.25,65.85,10162849
2017-06-13,66.14,66.69,66.02,66.45,5087150
2017-06-14,66.62,66.86,65.88,66.25,7387165
2017-06-15,65.81,66.99,65.53,66.85,4511143
2017-06-16,67.27,67.29,66.4,66.41,33236368
2017-06-19,66.59,67.31,66.3,66.84,4358275
2017-06-20,67.04,67.07,65.69,65.88,4024122
2017-06-21,66.3,66.35,65.28,65.6,3993545
2017-06-22,65.45,65.47,64.89,65.2,2621041
2017-06-23,65.1,65.56,64.76,65.4,3063651
2017-06-26,65.38,65.55,64.98,65.23,1736245
2017-06-27,65.05,65.1,63.415,63.45,3244064
2017-06-28,63.8,64.07,63.17,63.36,2602540
2017-06-29,63.25,63.34,61.66,62.25,3636862
2017-06-30,62.65,62.91,61.82,61.85,3546376
2017-07-03,61.98,62.08,61.295,61.31,1967430
2017-07-05,61.31,61.8,60.74,61.51,3605544
2017-07-06,61.02,61.54,60.62,61.08,2916753
2017-07-07,61.21,62.01,61.0248,61.76,4402331
2017-07-10,61.76,62.29,61.63,62.2,4045082
2017-07-11,61.89,62.61,61.82,62.46,5760459
2017-07-12,62.8,62.97,61.84,61.93,2278886
2017-07-13,62.04,62.38,61.78,62.08,1713590
2017-07-14,61.96,62.54,61.75,62.45,3435479
2017-07-17,62.4,62.88,62.18,62.62,1338980
2017-07-18,62.56,62.9,62.33,62.49,2013990
2017-07-19,62.44,62.65,62.09,62.12,1806909
2017-07-20,62.11,62.23,61.51,62.01,2109257
2017-07-21,61.88,62.49,61.84,62.47,1837825
2017-07-24,62.5,62.79,61.99,62.01,1923393
2017-07-25,62.32,63.13,61.72,63.08,3692288
2017-07-26,63.9,64.66,62.03,62.52,6574680
2017-07-27,62.83,62.83,61.75,62.56,2882527
2017-07-28,62.23,62.75,62.23,62.46,1178908
2017-07-31,62.81,62.87,62.29,62.53,2062324
2017-08-01,62.31,63.13,62.14,62.98,2642110
2017-08-02,62.69,63.58,61.28,61.98,2185922
2017-08-03,62.1,62.65,62.0,62.13,1957377
2017-08-04,62.31,63.13,62.14,62.98,2891414
2017-08-07,63.34,63.87,63.02,63.77,3245093
2017-08-08,62.84,63.18,61.74,62.08,2592902
2017-08-09,61.76,61.795,60.985,61.37,2983225
2017-08-10,60.99,61.41,60.65,61.0,2224918
2017-08-11,60.92,61.56,60.77,61.3,1682858
2017-08-14,61.87,61.94,61.32,61.75,2393922
2017-08-15,61.97,62.4,61.62,62.21,1991014
2017-08-16,62.3,62.76,62.1,62.44,2145062
2017-08-17,62.03,62.39,60.68,60.82,2686831
2017-08-18,60.72,61.53,60.54,61.06,2645027
2017-08-21,61.21,61.9,61.1,61.78,1636865
2017-08-22,61.88,63.365,61.8012,63.32,1814886
2017-08-23,62.89,63.4,62.72,63.12,1283425
2017-08-24,63.47,63.72,62.84,62.91,1440306
2017-08-25,63.16,63.71,63.01,63.48,1359698
2017-08-28,63.72,63.77,62.92,63.17,1511793
2017-08-29,62.82,63.0,62.53,62.89,1795440
2017-08-30,62.93,64.8,62.81,64.32,2065978
2017-08-31,64.33,64.76,64.03,64.33,2786136
2017-09-01,64.7,64.87,64.28,64.59,1273114
2017-09-05,64.42,64.46,62.9,63.6,2696561
2017-09-06,63.8,64.0,63.29,63.67,1483528
2017-09-07,63.88,64.17,63.53,63.89,1510814
2017-09-08,63.89,65.34,63.74,65.14,2551671
2017-09-11,65.67,66.299,65.59,65.95,2592784
2017-09-12,65.98,66.25,65.66,66.07,1209680
2017-09-13,65.87,66.855,65.83,66.68,1857441
2017-09-14,66.6,66.72,65.91,66.52,1726821
2017-09-15,66.46,66.89,66.07,66.63,2341375
2017-09-18,66.59,66.81,66.33,66.56,2011969
2017-09-19,66.56,67.07,66.21,66.89,1930912
2017-09-20,67.02,67.355,66.64,67.04,1436433
2017-09-21,66.99,67.52,66.82,67.34,1178377
2017-09-22,67.34,68.37,67.18,68.19,2070408
2017-09-25,68.19,69.35,67.98,68.71,2241069
2017-09-26,69.08,69.52,68.8,69.5,2763728
2017-09-27,69.69,69.74,68.685,69.11,1927322
2017-09-28,69.03,69.55,68.97,69.36,1461502
2017-09-29,68.95,69.45,68.435,69.45,7036155
2017-10-02,69.25,69.69,69.16,69.43,2902452
2017-10-03,69.49,69.51,68.72,68.86,2477476
2017-10-04,68.87,69.03,68.6,68.91,1905900
2017-10-05,68.94,69.61,68.8,69.37,2278812
2017-10-06,69.36,69.7,69.2,69.48,1987577
2017-10-09,69.5,69.97,69.455,69.66,1360387
2017-10-10,69.8,69.97,69.51,69.92,1799692
2017-10-11,70.0,70.35,69.83,70.22,3002787
2017-10-12,70.15,70.5,69.84,70.38,2080939
2017-10-13,70.58,71.38,70.4,71.16,2326229
2017-10-16,71.09,71.255,70.62,71.13,1903968
2017-10-17,71.04,71.22,70.72,71.22,1546950
2017-10-18,71.54,71.54,70.88,71.06,2171628
2017-10-19,70.95,71.12,70.3299,71.1,2170442
2017-10-20,71.37,71.41,70.515,71.04,1726363
2017-10-23,71.27,71.27,70.39,70.42,1402250
2017-10-24,70.79,71.16,70.53,71.14,3204282
2017-10-25,71.16,71.41,70.81,71.32,2478988
2017-10-26,72.1,72.93,70.9,72.48,3318430
2017-10-27,71.8,72.81,71.59,71.91,2916362
2017-10-30,71.76,72.82,71.7,72.65,2571475
2017-10-31,72.65,72.85,72.25,72.28,2685453
2017-11-01,72.93,73.08,72.37,72.44,1870980
2017-11-02,72.97,73.31,71.89,72.44,1923169
2017-11-03,72.38,73.17,72.325,73.16,1653413
2017-11-06,72.59,73.45,72.59,73.39,1352457
2017-11-07,73.4,73.76,72.55,72.61,1719335
2017-11-08,72.67,73.45,72.3602,72.9,1473462
2017-11-09,72.4,72.76,71.7,72.05,2326356
2017-11-10,72.22,72.83,71.63,72.69,2117699
2017-11-13,72.45,72.72,72.25,72.62,1819799
2017-11-14,71.93,72.97,71.87,72.91,1810470
2017-11-15,72.53,73.68,72.19,73.38,2869173
2017-11-16,73.75,74.31,73.28,74.02,1829130
2017-11-17,74.05,74.44,73.9563,74.11,2392178
2017-11-20,74.17,74.63,74.05,74.31,1146502
2017-11-21,74.76,76.22,74.75,75.64,2873165
2017-11-22,75.71,76.13,75.19,75.68,1348259
2017-11-24,75.78,75.9,75.47,75.76,470449
2017-11-27,75.76,76.16,75.67,76.0,1383898
2017-11-28,76.05,76.53,75.75,76.13,1856885
2017-11-29,76.13,76.9,76.03,76.56,1874474
2017-11-30,76.57,77.79,76.13,77.56,2553701
2017-12-01,77.27,77.92,76.25,77.25,2164557
2017-12-04,78.03,78.62,77.52,77.66,2348568
2017-12-05,77.7,78.31,77.605,77.63,1490710
2017-12-06,77.75,77.86,76.63,76.75,1434971
2017-12-07,76.83,77.39,76.6,77.28,2252593
2017-12-08,77.61,78.395,77.5,78.38,2086490
2017-12-11,78.16,78.3,77.245,77.47,1585935
2017-12-12,77.57,77.58,76.93,77.0,2241100
2017-12-13,77.22,77.62,76.74,76.75,2141923
2017-12-14,76.89,77.09,76.01,76.02,1739438
2017-12-15,76.71,77.37,76.28,77.09,3375067
2017-12-18,77.81,78.57,77.38,78.09,2275088
2017-12-19,78.2,78.46,77.63,77.81,1448064
2017-12-20,78.135,78.63,77.56,78.35,1327464
2017-12-21,78.8,79.95,78.49,79.37,2042716
2017-12-22,79.42,79.7,79.25,79.35,1415674
2017-12-26,79.4,79.96,79.26,79.37,909609
2017-12-27,79.46,80.38,79.32,80.15,934194
2017-12-28,80.18,80.54,80.0,80.45,828864
2017-12-29,80.79,80.94,79.84,79.86,1514079
2018-01-02,80.28,80.34,78.93,79.68,1701493
2018-01-03,79.81,80.895,79.62,80.85,1425550
2018-01-04,80.86,81.23,80.23,80.25,1510147
2018-01-05,80.24,80.24,78.91,79.29,2271642
2018-01-08,80.3,81.06,79.53,80.94,2483105
2018-01-09,81.11,82.07,80.97,81.93,1345538
2018-01-10,81.66,82.11,81.39,81.65,1674650
2018-01-11,81.98,83.215,81.64,83.07,3736140
2018-01-12,83.25,84.71,83.1,83.95,1870047
2018-01-16,84.57,84.99,82.98,83.4,1422829
2018-01-17,82.9,84.51,82.9,84.03,1440294
2018-01-18,84.18,84.82,83.91,83.95,1290277
2018-01-19,84.64,86.05,84.475,85.49,2201659
2018-01-22,85.42,85.79,85.015,85.77,1512606
2018-01-23,85.69,86.98,85.57,86.53,1625360
2018-01-24,86.8,86.99,85.13,85.79,1979045
2018-01-25,86.04,86.75,85.4,86.63,1466237
2018-01-26,86.94,87.69,86.33,87.69,914832
2018-01-29,87.44,88.11,87.03,87.28,1542903
2018-01-30,86.5,87.43,86.36,86.41,1671558
2018-01-31,86.52,87.0,85.63,85.65,1829903
2018-02-01,85.33,86.285,85.1,85.76,2139895
2018-02-02,85.55,85.8,82.31,82.65,2717058
2018-02-05,82.13,83.01,79.82,79.91,2356677
2018-02-06,78.58,80.97,77.78,80.69,4632823
2018-02-07,80.99,83.28,80.54,82.02,3526610
2018-02-08,81.95,82.374,78.64,78.66,5014297
2018-02-09,79.23,81.23,77.561,80.43,3211289
2018-02-12,80.91,82.16,80.59,81.82,2196775
2018-02-13,81.74,83.57,81.66,83.21,2466680
2018-02-14,82.12,87.11,82.01,85.97,3880509
2018-02-15,86.09,86.31,84.33,84.56,2980376
2018-02-16,84.46,84.7232,83.26,83.27,2543120
2018-02-20,82.73,84.7,82.73,84.31,1796875
2018-02-21,84.43,86.44,84.26,84.29,1763621
2018-02-22,84.74,84.9,83.12,83.38,1710473
2018-02-23,83.75,83.97,83.08,83.81,1543521
2018-02-26,84.03,84.29,82.13,82.14,2856709
2018-02-27,82.36,82.62,79.81,79.84,3804744
2018-02-28,80.4,82.08,79.78,80.79,4021001
2018-03-01,80.51,80.66,78.79,79.35,2515240
2018-03-02,78.73,79.12,77.23,78.9,2813958
2018-03-05,78.29,78.69,77.08,78.22,2719018
2018-03-06,78.62,79.37,78.41,78.94,2230630
2018-03-07,78.25,79.315,78.13,79.2,1459548
2018-03-08,79.53,79.89,79.0001,79.21,1934015
2018-03-09,80.01,81.8,79.71,81.47,2655669
2018-03-12,81.52,81.71,80.69,81.13,1836807
2018-03-13,81.42,81.82,81.06,81.25,1638863
2018-03-14,81.47,81.54,81.05,81.24,1563514
2018-03-15,81.4,82.25,81.05,81.89,2285826
2018-03-16,82.0,82.54,81.44,81.51,2094793
2018-03-19,81.31,81.76,80.88,81.3,2024779
2018-03-20,81.61,82.13,81.27,81.35,1010091
2018-03-21,81.3,82.22,81.19,81.84,1233198
2018-03-22,81.25,81.6,80.41,80.44,3026187
2018-03-23,80.49,80.56,78.06,78.17,1573832
2018-03-26,79.04,80.08,78.45,79.98,1209650
2018-03-27,80.16,80.55,78.48,78.79,1527570
2018-03-28,78.74,78.96,77.79,78.31,2199030
2018-03-29,78.77,79.53,78.47,78.76,2481622
2018-04-02,78.72,79.035,75.66,77.07,2721969
2018-04-03,77.5,77.94,76.61,77.53,2575602
2018-04-04,76.37,78.33,76.3301,78.03,3074712
2018-04-05,77.23,79.37,75.95,79.04,6840062
2018-04-06,78.69,79.29,76.68,77.51,3295401
2018-04-09,76.84,79.49,76.0,76.15,7557435
2018-04-10,76.74,76.79,74.61,75.01,11813661
2018-04-11,77.39,80.35,77.04,79.61,52096445
2018-04-12,80.39,80.94,79.34,79.95,10665699
2018-04-13,80.49,81.33,78.25,79.61,14439590
2018-04-16,80.09,80.67,79.6,80.53,4265306
2018-04-17,81.45,82.41,80.69,81.16,3876697
2018-04-18,81.67,82.99,81.53,82.18,3523769
2018-04-19,82.0,82.8,81.6901,81.98,2552095
2018-04-20,82.05,82.67,81.66,82.33,2257557
2018-04-23,82.28,82.53,81.82,82.09,1795420
2018-04-24,82.6,83.12,80.875,82.04,4170209
2018-04-25,81.72,82.35,81.35,81.83,2860550
2018-04-26,81.93,82.79,80.48,81.93,5691198
2018-04-27,82.35,82.57,79.99,80.17,4380152
2018-04-30,80.3,80.74,78.79,78.84,3476424
2018-05-01,78.76,80.31,78.66,80.24,3243794
2018-05-02,79.96,80.66,79.26,79.45,2916677
2018-05-03,79.24,80.18,78.44,79.87,3083109
2018-05-04,79.6,81.52,79.08,81.16,2639833
2018-05-07,81.6,81.6,80.85,81.35,2087624
2018-05-08,81.47,82.65,80.92,82.43,3219649
2018-05-09,82.97,83.2,81.605,82.85,2410368
2018-05-10,83.16,83.23,82.31,82.76,2207750
2018-05-11,82.83,83.735,82.47,83.51,1750369
2018-05-14,83.49,83.73,82.73,82.97,2590538
2018-05-15,82.82,83.25,82.59,83.02,1908611
2018-05-16,83.12,84.42,82.63,84.2,2379317
2018-05-17,84.39,84.4,83.13,83.3,1309266
2018-05-18,83.63,84.68,82.4,83.84,8077853
2018-05-21,84.46,84.58,83.24,83.92,2129743
2018-05-22,84.09,84.25,82.62,82.76,1645174
2018-05-23,82.69,82.8,81.99,82.33,2283838
2018-05-24,82.48,82.94,81.99,82.03,2888672
2018-05-25,81.85,82.39,81.43,81.83,1892726
2018-05-29,80.97,81.57,80.0065,80.33,2184767
2018-05-30,80.85,82.03,80.85,81.73,2049802
2018-05-31,81.6,81.64,80.57,80.71,2874230
2018-06-01,81.09,83.11,81.09,82.65,2495183
2018-06-04,83.18,83.31,82.28,83.19,1716153
2018-06-05,82.9,83.825,82.72,83.07,1911375
2018-06-06,83.04,84.73,82.88,84.68,3572947
2018-06-07,84.88,84.88,83.7,84.17,1772686
2018-06-08,84.09,84.41,83.395,84.14,1677842
2018-06-11,84.23,84.5,83.8,83.99,1792296
2018-06-12,84.5,84.875,82.67,83.81,3559330
2018-06-13,84.0,84.025,82.32,82.73,3605155
2018-06-14,83.12,83.44,82.73,82.93,2126983
2018-06-15,82.75,84.02,82.33,83.84,2953216
2018-06-18,83.09,84.42,83.09,84.33,1854430
2018-06-19,83.68,83.84,82.05,82.98,2104506
2018-06-20,83.19,83.92,81.98,82.01,3178768
2018-06-21,81.92,82.31,80.7806,81.02,3822785
2018-06-22,81.62,81.72,80.53,80.87,4915426
2018-06-25,80.06,80.55,78.68,79.27,3203032
2018-06-26,79.29,79.72,78.95,79.19,3457348
2018-06-27,79.55,79.9,78.2,78.26,3220392
2018-06-28,78.12,78.25,76.79,78.25,5142887
2018-06-29,78.38,79.99,78.13,79.16,3544924
2018-07-02,78.49,79.31,77.52,79.3,3065793
2018-07-03,79.42,79.82,79.01,79.45,1720643
2018-07-05,79.65,79.94,78.85,79.69,3350873
2018-07-06,79.53,81.0,79.4,80.56,2278548
2018-07-09,81.01,81.68,80.555,80.94,2949911
2018-07-10,80.94,82.29,80.88,81.28,2915098
2018-07-11,80.5,81.0,80.02,80.61,3803813
2018-07-12,81.0,81.13,80.35,81.0,3367924
2018-07-13,80.99,81.16,80.67,80.97,2125137
2018-07-16,81.18,81.18,79.79,80.08,2286024
2018-07-17,80.22,81.17,79.8,81.07,3353347
2018-07-18,81.21,83.25,81.21,82.96,5303802
2018-07-19,83.0,83.49,81.97,82.14,2773427
2018-07-20,81.95,82.71,81.58,81.96,2439516
2018-07-23,82.0,82.26,81.54,81.61,3686751
2018-07-24,81.65,81.84,79.68,80.49,4260653
2018-07-25,80.07,80.55,77.64,80.37,5890050
2018-07-26,79.92,80.69,79.27,79.61,2774497
2018-07-27,79.91,80.21,78.185,78.45,3091662
2018-07-30,78.13,78.6,77.07,77.28,3132213
2018-07-31,77.42,78.825,77.41,78.66,2743976
2018-08-01,79.2,79.47,78.23,78.54,2667192
2018-08-02,77.86,78.65,77.12,78.44,3687554
2018-08-03,78.48,78.59,77.88,78.18,1969114
2018-08-06,78.06,78.26,77.57,78.13,3835110
2018-08-07,77.66,78.11,76.94,77.6,3777919
2018-08-08,77.81,78.1,76.17,76.89,2936221
2018-08-09,76.84,77.08,75.97,76.15,3906437
2018-08-10,76.09,76.42,75.39,75.65,3274320
2018-08-13,75.64,76.08,74.84,75.31,3066520
2018-08-14,75.62,76.74,75.035,76.54,2763687
2018-08-15,75.92,76.39,75.49,76.22,2919383
2018-08-16,76.92,77.92,76.58,77.24,3373628
2018-08-17,76.53,77.3,75.97,77.2,1964818
2018-08-20,77.19,77.54,76.12,76.29,2430654
2018-08-21,76.22,77.249,76.22,76.73,2324917
2018-08-22,76.54,77.405,76.38,77.2,2540545
2018-08-23,77.22,77.42,76.5,76.77,3009627
2018-08-24,76.77,77.6,76.77,77.11,2149202
2018-08-27,77.64,78.159,77.475,77.76,1865263
2018-08-28,77.93,78.01,77.17,77.47,1241746
2018-08-29,77.55,78.36,77.38,78.18,1837660
2018-08-30,78.18,78.19,77.27,77.58,1398453
2018-08-31,77.34,78.04,77.34,77.62,2496868
2018-09-04,77.63,77.7,76.67,77.16,1887041
2018-09-05,76.84,76.97,75.68,75.72,3076871
2018-09-06,75.9,76.24,75.16,75.69,4244169
2018-09-07,75.39,76.62,75.39,76.44,2973973
2018-09-10,76.79,77.03,76.155,76.59,2029671
2018-09-11,76.29,77.46,76.24,77.41,2774882
2018-09-12,77.25,78.07,77.06,77.96,3110946
2018-09-13,78.43,79.92,78.36,78.94,3745571
2018-09-14,79.05,80.22,79.04,80.06,3229477
2018-09-17,80.17,80.2465,79.05,79.1,3394955
2018-09-18,79.2,79.64,78.95,79.39,2703742
2018-09-19,79.52,80.535,79.52,80.43,2327528
2018-09-20,80.66,81.34,80.17,81.08,3516894
2018-09-21,81.55,82.0,80.82,80.96,6804423
2018-09-24,80.69,80.72,79.55,80.16,2265294
2018-09-25,80.4,80.505,79.87,80.11,2533348
2018-09-26,80.28,81.095,79.92,80.66,2168232
2018-09-27,80.37,82.18,80.335,82.04,2654114
2018-09-28,81.77,81.805,80.69,80.78,4263008
2018-10-01,81.34,81.34,78.38,78.39,4116921
2018-10-02,78.33,78.89,77.05,77.08,4398394
2018-10-03,77.39,77.57,76.5,76.55,4619556
2018-10-04,76.57,76.76,74.57,75.41,4779435
2018-10-05,75.46,75.7899,73.515,74.38,3622183
2018-10-08,74.23,75.03,73.62,74.95,5211739
2018-10-09,75.0,75.66,74.78,75.23,6070661
2018-10-10,74.66,75.2,73.3,73.4,7380633
2018-10-11,73.2,73.54,72.07,73.1,5944487
2018-10-12,74.24,74.35,72.72,73.62,3676409
2018-10-15,73.34,73.615,72.97,72.99,2993961
2018-10-16,73.55,74.685,73.01,74.63,1927371
2018-10-17,74.48,74.96,73.69,74.52,1777682
2018-10-18,74.53,74.53,71.935,72.05,3723165
2018-10-19,71.8,72.01,70.5,70.66,7481975
2018-10-22,70.62,70.97,70.02,70.16,4126144
2018-10-23,68.87,69.45,66.87,68.87,8984634
2018-10-24,69.18,70.63,63.76,63.82,13473000
2018-10-25,66.75,68.22,66.01,67.55,11014312
2018-10-26,67.17,69.58,66.36,68.27,5634588
2018-10-29,68.92,70.02,67.68,68.6,6077473
2018-10-30,68.6,69.63,67.86,68.7,3200491
2018-10-31,69.93,72.42,69.69,71.17,5039273
2018-11-01,71.48,72.96,71.23,72.65,3044292
2018-11-02,73.16,74.12,72.13,72.82,2982284
2018-11-05,72.48,72.65,71.76,72.4,2633086
2018-11-06,71.31,71.75,69.55,70.59,3991643
2018-11-07,71.13,72.99,71.05,72.97,2263317
2018-11-08,72.49,72.76,71.535,72.02,2369368
2018-11-09,71.71,72.14,70.76,71.16,3249406
2018-11-12,71.16,71.4,70.04,70.19,4186283
2018-11-13,70.66,71.795,70.22,70.86,2346634
2018-11-14,71.56,72.28,70.785,71.08,3790671
2018-11-15,70.53,72.99,70.35,72.89,4069783
2018-11-16,72.32,73.34,72.2,73.04,4737859
2018-11-19,72.93,73.18,70.63,71.2,4401511
2018-11-20,70.17,71.8,69.81,71.49,5740090
2018-11-21,71.97,73.27,71.57,72.57,2499484
2018-11-23,72.2,73.45,72.2,73.12,1095278
2018-11-26,73.86,75.24,73.775,75.09,3508382
2018-11-27,74.52,75.88,74.52,75.17,5549616
2018-11-28,75.25,77.08,75.01,76.95,4285898
2018-11-29,76.83,76.99,75.84,76.46,1970295
2018-11-30,75.75,76.37,74.69,75.54,4767447
2018-12-03,76.99,78.17,76.65,77.97,2836507
2018-12-04,77.58,77.8,74.89,75.15,4194166
2018-12-06,73.67,75.63,73.31,75.59,2342910
2018-12-07,75.24,75.94,72.38,72.86,3067678
2018-12-10,73.01,73.73,71.5,72.67,3277965
2018-12-11,74.11,74.42,71.99,72.4,3296435
2018-12-12,73.39,74.555,72.71,72.78,2004531
2018-12-13,73.23,73.32,72.06,72.22,1785473
2018-12-14,71.44,73.01,71.44,71.86,2524331
2018-12-17,71.75,72.9872,69.86,70.27,4462365
2018-12-18,70.79,71.44,70.08,70.49,2402018
2018-12-19,70.76,72.11,68.94,69.66,4020817
2018-12-20,68.58,69.08,66.52,67.5,4862902
2018-12-21,67.89,68.53,65.75,66.47,5417270
2018-12-24,66.06,67.8,65.6364,66.51,2015807
2018-12-26,66.79,69.58,66.28,69.51,2606185
2018-12-27,68.62,70.35,67.775,70.33,2203325
2018-12-28,70.92,71.815,70.3775,70.95,2165817
2018-12-31,71.41,72.04,70.77,71.8,2138731
2019-01-02,70.69,71.44,70.15,70.94,3629478
2019-01-03,70.45,70.62,67.18,67.3,5629162
2019-01-04,68.41,70.05,68.25,69.94,4110690
2019-01-07,69.7,71.36,69.12,70.74,3171175
2019-01-08,71.76,72.13,70.83,71.86,6212985
2019-01-09,71.91,72.34,70.92,71.04,1760854
2019-01-10,70.5,72.51,70.23,72.07,2409586
2019-01-11,71.49,72.21,71.25,71.89,2191224
2019-01-14,71.4,71.76,70.59,70.99,2943300
2019-01-15,71.19,72.51,70.96,72.5,2376277
2019-01-16,72.72,73.2,72.01,72.04,3325959
2019-01-17,71.61,72.44,71.41,72.0,2579294
2019-01-18,72.51,73.31,72.19,73.08,2561363
2019-01-22,72.72,73.11,70.74,71.01,3260543
2019-01-23,71.35,71.86,70.1582,70.73,3359512
2019-01-24,70.85,71.24,70.31,71.06,2560185
2019-01-25,71.81,72.06,70.89,71.76,3156659
2019-01-28,71.2,72.99,71.2,72.31,1919529
2019-01-29,72.3,73.27,71.79,73.15,1766289
2019-01-30,73.64,74.66,73.34,74.13,3939185
2019-01-31,74.14,75.19,73.81,74.48,2533926
2019-02-01,74.41,75.04,73.95,74.42,3478198
2019-02-04,74.5,74.94,74.14,74.73,3136591
2019-02-05,74.8,75.155,74.42,74.62,2088766
2019-02-06,74.63,75.75,74.63,75.57,2061388
2019-02-07,74.79,75.01,73.5,74.68,2444917
2019-02-08,74.07,74.725,73.48,73.91,2723464
2019-02-11,74.11,75.08,74.08,74.4,3526947
2019-02-12,74.66,75.23,73.93,74.32,3117365
2019-02-13,77.6,79.71,77.24,79.37,5722906
2019-02-14,79.68,80.27,78.59,80.16,3729871
2019-02-15,81.0,82.14,80.75,81.75,3387353
2019-02-19,81.13,82.18,80.93,81.39,3863753
2019-02-20,81.86,83.48,81.09,83.34,4124145
2019-02-21,83.23,83.78,82.39,83.25,2199550
2019-02-22,83.52,85.37,83.22,85.03,2639223
2019-02-25,85.65,85.87,83.42,83.55,2244750
2019-02-26,83.56,84.84,83.3401,83.49,2368568
2019-02-27,83.15,83.83,83.03,83.49,2241371
2019-02-28,82.93,83.55,82.76,83.1,1796808
2019-03-01,83.93,84.35,83.21,83.78,1972005
2019-03-04,84.28,84.4,82.49,83.38,2265295
2019-03-05,83.61,84.14,83.14,84.01,1773519
2019-03-06,84.13,84.49,83.68,83.96,1713387
2019-03-07,83.63,83.77,82.3,82.92,2269496
2019-03-08,82.27,82.59,81.66,82.45,1969962
2019-03-11,82.77,82.98,82.11,82.8,2246253
2019-03-12,83.13,83.6,82.35,83.41,2266863
2019-03-13,83.82,84.73,83.43,83.67,2345271
2019-03-14,84.51,85.07,83.7615,85.0,2363070
2019-03-15,85.0,86.08,84.99,85.76,3775246
2019-03-18,86.13,87.09,85.89,86.21,1983453
2019-03-19,86.4,86.9,85.57,85.7,1432992
2019-03-20,85.77,85.77,84.34,84.92,2879706
2019-03-21,84.49,85.82,84.37,85.79,2076170
2019-03-22,85.37,85.58,84.23,84.57,3209543
2019-03-25,84.65,84.72,83.64,84.02,1488459
2019-03-26,84.16,84.16,82.89,83.5,3342360
2019-03-27,83.5,83.81,81.72,82.45,3627208
2019-03-28,82.6,83.38,82.54,83.21,1977047
2019-03-29,82.92,83.85,82.88,83.11,2857057
2019-04-01,83.94,84.87,83.53,84.15,3434438
2019-04-02,84.1,85.22,83.86,85.04,3389126
2019-04-03,85.62,87.03,85.3271,86.79,2853849
2019-04-04,87.16,87.64,86.8212,87.31,2016092
2019-04-05,87.45,88.09,87.2,87.44,2618366
2019-04-08,87.73,88.25,87.09,88.18,1561404
2019-04-09,87.86,88.13,86.93,87.1,2480350
2019-04-10,87.19,88.085,87.05,87.99,1039602
2019-04-11,88.28,88.69,87.96,88.53,1696623
2019-04-12,88.9,89.34,88.24,88.73,1337361
2019-04-15,88.93,89.01,87.74,88.17,1371889
2019-04-16,88.39,88.62,88.09,88.15,1619397
2019-04-17,88.51,88.75,87.7,87.76,2058867
2019-04-18,87.68,87.72,86.01,87.23,1717573
2019-04-22,86.75,88.04,86.34,87.91,2224982
2019-04-23,87.87,88.53,87.54,87.91,2799633
2019-04-24,87.12,88.0,86.85,87.5,3268710
2019-04-25,87.33,88.05,87.215,87.63,1156040
2019-04-26,87.94,88.51,87.44,88.01,2292272
2019-04-29,88.46,88.46,87.12,87.25,3069403
2019-04-30,87.51,87.92,86.6,86.99,4313388
2019-05-01,90.86,93.72,90.23,92.6,5933002
2019-05-02,92.45,92.73,90.48,91.23,2553861
2019-05-03,91.62,93.46,91.43,93.33,2559066
2019-05-06,91.29,92.68,91.02,92.3,2378771
2019-05-07,91.34,92.03,89.94,90.49,1893988
2019-05-08,90.18,91.07,89.94,90.7,2273016
2019-05-09,90.04,91.435,89.76,91.14,1773726
2019-05-10,90.38,91.88,89.72,91.53,1782255
2019-05-13,89.99,90.23,88.9,89.37,1929184
2019-05-14,89.94,92.37,89.94,91.74,2260180
2019-05-15,91.5,94.0,91.09,93.65,2264723
2019-05-16,93.82,94.64,93.66,94.05,1600662
2019-05-17,92.78,93.44,92.62,92.93,1710194
2019-05-20,92.12,92.3,91.1,91.47,2462840
2019-05-21,92.12,92.56,91.98,92.11,2499729
2019-05-22,91.54,92.59,91.54,92.02,1380694
2019-05-23,91.37,92.51,90.45,90.66,5317765
2019-05-24,91.19,91.56,89.48,89.91,2685196
2019-05-28,90.32,90.5,89.06,89.2,1923798
2019-05-29,89.0,89.1,87.96,88.91,2052275
2019-05-30,89.21,90.5,89.14,89.66,1598097
2019-05-31,88.8,90.12,88.43,89.44,1954158
2019-06-03,89.15,89.5,87.91,88.43,2651335
2019-06-04,89.48,90.34,88.92,90.32,2278152
2019-06-05,90.46,90.99,89.62,90.0,1777282
2019-06-06,90.27,91.08,90.17,91.0,1376154
2019-06-07,91.39,93.38,91.39,92.51,1783002
2019-06-10,92.92,94.18,92.835,93.03,1845348
2019-06-11,93.84,94.82,93.19,93.93,1108709
2019-06-12,93.99,94.65,93.24,93.35,894474
2019-06-13,93.56,93.7575,92.65,93.03,1124114
2019-06-14,92.94,93.615,92.41,93.42,887041
2019-06-17,93.31,93.67,92.71,93.21,950369
2019-06-18,93.82,95.29,93.54,95.1,1642210
2019-06-19,94.9,96.06,94.56,95.76,1561998
2019-06-20,95.71,97.095,95.57,96.87,2170727
2019-06-21,96.56,97.03,96.08,96.14,2107994
2019-06-24,96.3,96.435,95.075,95.51,1289121
2019-06-25,95.5,95.78,93.01,93.25,2320851
2019-06-26,93.69,94.87,93.26,94.52,1636606
2019-06-27,94.88,96.88,94.7175,96.53,1568531
2019-06-28,96.66,97.74,96.56,97.74,3600346
2019-07-01,99.0,99.34,98.12,99.3,2980621
2019-07-02,99.3,100.44,98.67,100.39,2873224
2019-07-03,100.53,101.14,100.16,100.64,1150740
2019-07-05,100.32,100.66,99.59,100.6,1203190
2019-07-08,100.27,100.43,99.3,100.19,1781951
2019-07-09,99.04,99.42,98.51,99.0,2068107
2019-07-10,99.27,99.52,98.18,99.19,2222226
2019-07-11,99.26,100.835,98.8,100.7,1477177
2019-07-12,99.3,100.73,99.07,99.54,2715732
2019-07-15,99.69,99.69,98.81,99.2,1975536
2019-07-16,98.95,100.0,98.69,99.88,3338650
2019-07-17,99.62,99.9,97.63,97.77,1847892
2019-07-18,97.58,97.625,96.4314,97.1,1729404
2019-07-19,96.78,96.89,94.48,94.53,3074341
2019-07-22,94.76,94.86,92.75,93.24,3080656
2019-07-23,93.58,95.26,93.14,95.12,3851403
2019-07-24,95.6,96.21,92.49,95.31,2982631
2019-07-25,94.49,96.89,94.49,96.4,2059287
2019-07-26,97.19,97.47,96.335,97.21,1914856
2019-07-29,97.25,97.81,97.155,97.4,1868546
2019-07-30,97.05,97.62,96.76,97.31,984350
2019-07-31,97.35,97.93,95.67,96.55,2279438
2019-08-01,96.44,97.28,94.83,95.25,1873950
2019-08-02,94.94,95.32,93.6,93.91,1756006
2019-08-05,92.19,92.27,90.19,91.35,3022489
2019-08-06,91.82,93.42,91.015,92.56,3267627
2019-08-07,91.3,93.79,90.73,93.4,2549962
2019-08-08,93.53,95.91,93.52,95.77,1947041
2019-08-09,95.51,96.08,94.535,95.58,1459474
2019-08-12,95.0,95.26,93.64,93.88,958400
2019-08-13,93.82,96.305,93.66,95.26,2009435
2019-08-14,93.86,93.96,91.16,92.01,2561462
2019-08-15,92.34,92.82,90.945,91.61,2171348
2019-08-16,92.5,93.42,92.2,93.01,1433922
2019-08-19,94.41,94.87,93.45,93.46,1057017
2019-08-20,93.22,93.735,92.6,92.73,2397549
2019-08-21,93.6,93.6,91.265,91.62,1750322
2019-08-22,92.02,92.8,91.34,92.41,1616859
2019-08-23,92.15,93.185,90.63,91.08,2199812
2019-08-26,91.9,92.05,90.815,91.65,1336294
2019-08-27,92.23,92.35,90.96,91.13,2376929
2019-08-28,91.0,92.14,90.61,91.91,1273820
2019-08-29,92.72,93.56,92.46,92.54,945577
2019-08-30,93.23,93.68,92.07,92.37,1174021
2019-09-03,91.16,91.67,90.72,91.31,1530448
2019-09-04,92.03,92.57,91.81,92.3,1003829
2019-09-05,93.22,93.82,92.8952,93.47,1084768
2019-09-06,93.4,94.24,93.23,93.74,1061645
2019-09-09,93.97,94.11,92.05,92.53,1375817
2019-09-10,91.76,93.59,90.91,93.58,1880163
2019-09-11,94.14,95.61,93.61,95.18,2135551
2019-09-12,95.46,96.14,94.65,94.77,1365804
2019-09-13,95.29,97.49,94.885,96.05,1567352
2019-09-16,95.06,95.1,93.35,93.66,1883048
2019-09-17,93.63,95.77,93.63,94.86,954571
2019-09-18,94.5,95.42,94.28,95.35,1013470
2019-09-19,95.74,96.04,95.45,95.78,1196919
2019-09-20,95.96,96.23,95.015,95.22,3108927
2019-09-23,94.88,95.74,94.225,94.25,1598026
2019-09-24,94.65,94.69,91.88,92.22,2352705
2019-09-25,92.05,93.2,91.52,92.77,1194932
2019-09-26,92.45,92.84,91.31,92.01,1662141
2019-09-27,92.54,92.94,90.98,91.45,1359874
2019-09-30,91.8,93.155,91.06,93.11,2016441
2019-10-01,93.45,94.34,92.07,92.15,2016294
2019-10-02,91.62,91.71,90.6,90.94,2086653
2019-10-03,91.13,92.05,90.635,91.99,1856577
2019-10-04,92.3,93.765,92.07,93.35,1643536
2019-10-07,93.03,93.12,90.95,91.0,2088347
2019-10-08,90.19,91.7,88.97,90.7,2153530
2019-10-09,91.47,91.76,90.5885,91.5,1723898
2019-10-10,91.39,92.97,91.3,91.55,2128264
2019-10-11,92.96,94.66,92.96,93.43,2763002
2019-10-14,93.01,93.12,91.0,91.53,1315495
2019-10-15,91.61,92.4,90.81,91.66,1687865
2019-10-16,91.79,92.65,91.615,92.2,1165228
2019-10-17,92.42,94.79,91.83,92.2,1862406
2019-10-18,90.89,91.74,90.5,91.15,2739465
2019-10-21,91.76,92.43,91.52,92.39,1793984
2019-10-22,92.25,92.7,90.73,90.73,2224023
2019-10-23,91.5,95.95,89.85,95.77,4070021
2019-10-24,95.56,97.36,94.81,96.91,2834814
2019-10-25,96.73,98.62,96.49,97.69,1559506
2019-10-28,97.87,98.54,96.36,97.19,1267127
2019-10-29,97.1,97.81,96.55,97.31,1076837
2019-10-30,97.35,97.35,95.89,97.32,1095366
2019-10-31,96.9,97.63,96.54,96.96,1514992
2019-11-01,97.85,98.5,96.15,96.31,1722447
2019-11-04,96.81,98.685,96.45,97.99,1335440
2019-11-05,97.8,100.47,97.37,100.15,1721297
2019-11-06,100.44,100.44,99.13,99.57,1143849
2019-11-07,100.0,100.73,98.6,98.93,1309069
2019-11-08,98.62,99.1,97.86,99.09,941200
2019-11-11,98.26,98.8802,97.85,98.13,876878
2019-11-12,98.29,99.335,97.95,98.09,856563
2019-11-13,97.85,98.09,96.78,97.76,2314973
2019-11-14,97.9,99.001,97.5,98.85,973568
2019-11-15,99.49,100.5,99.17,99.69,2095950
2019-11-18,99.52,100.52,99.52,100.17,1617609
2019-11-19,100.58,100.82,100.11,100.21,839656
2019-11-20,99.61,100.11,98.7,99.26,986511
2019-11-21,98.92,99.51,98.26,99.08,965371
2019-11-22,99.45,101.47,99.12,101.22,2161625
2019-11-25,101.86,103.49,101.85,103.09,1821955
2019-11-26,103.2,105.42,102.85,105.32,1983849
2019-11-27,105.56,106.42,105.04,106.37,1656620
2019-11-29,105.82,106.25,104.77,105.0,764587
2019-12-02,105.06,105.08,103.75,104.75,1988138
2019-12-03,103.26,104.18,102.76,103.95,1486970
2019-12-04,104.1,104.77,103.86,104.18,1114191
2019-12-05,104.62,105.3,104.28,104.91,1096805
2019-12-06,105.86,106.25,105.31,105.47,1041069
2019-12-09,105.6,106.11,104.75,104.75,1404623
2019-12-10,104.92,105.58,104.52,104.7,1329056
2019-12-11,105.11,105.95,104.8,105.7,1332678
2019-12-12,105.67,107.23,105.37,106.52,1421762
2019-12-13,106.54,107.44,106.17,107.2,1286630
2019-12-16,108.04,109.3,107.7,108.48,2516708
2019-12-17,108.32,108.9,107.74,108.8,2109033
2019-12-18,109.04,109.66,108.51,109.25,2524254
2019-12-19,109.27,110.665,109.145,110.34,1935705
2019-12-20,111.18,111.72,110.3124,111.42,3341052
2019-12-23,111.06,111.68,111.04,111.28,1495847
2019-12-24,111.43,111.92,111.08,111.37,436657
2019-12-26,111.43,111.98,111.3,111.94,1268259
2019-12-27,112.32,112.79,111.76,112.39,890163
2019-12-30,112.5,112.69,110.97,111.37,953173
2019-12-31,111.08,111.53,110.61,110.91,1327848
2020-01-02,111.15,111.62,110.46,111.45,2014639
2020-01-03,110.0,110.405,108.64,109.99,1854486
2020-01-06,109.02,109.45,108.59,109.42,1821786
2020-01-07,109.27,109.49,108.16,108.29,1498941
2020-01-08,108.14,110.04,107.89,109.21,2741604
2020-01-09,109.89,110.2,109.05,109.09,1596198
2020-01-10,109.45,109.45,108.39,108.6,1296291
2020-01-13,108.94,109.33,108.21,109.29,1573927
2020-01-14,109.14,109.5,108.59,109.09,1233156
2020-01-15,108.94,109.86,108.59,109.63,1316079
2020-01-16,110.32,111.65,110.19,111.6,1217149
2020-01-17,112.17,113.96,111.98,113.92,1938185
2020-01-21,112.49,112.62,109.93,110.62,4031818
2020-01-22,110.98,112.605,110.54,110.85,1716565
2020-01-23,109.19,111.15,107.6526,110.96,1607108
2020-01-24,111.45,111.45,107.48,108.49,2105331
2020-01-27,104.3,105.965,103.53,104.94,4149728
2020-01-28,106.0,108.04,105.56,107.86,2062402
2020-01-29,108.13,110.125,108.13,110.01,1854209
2020-01-30,108.3,109.445,107.22,109.07,2389260
2020-01-31,108.81,108.89,107.01,107.8,3606654
2020-02-03,108.54,109.89,107.82,107.85,2097725
2020-02-04,109.92,111.99,109.39,110.94,1689492
2020-02-05,112.44,113.58,112.1483,113.26,2143997
2020-02-06,113.7,113.88,111.8,112.7,1477603
2020-02-07,111.42,111.64,110.42,110.84,1371161
2020-02-10,110.42,111.37,110.15,111.37,2025517
2020-02-11,110.44,115.06,109.02,112.94,2388582
2020-02-12,113.49,115.48,113.2,113.7,1891071
2020-02-13,112.66,113.54,111.17,112.96,1396047
2020-02-14,113.09,113.63,112.13,113.23,948921
2020-02-18,112.98,113.3,111.85,111.93,1805053
2020-02-19,112.05,113.45,112.05,112.67,1543321
2020-02-20,112.32,113.83,111.77,112.0,1165346
2020-02-21,111.14,111.205,109.32,109.57,1716068
2020-02-24,104.62,105.35,103.49,104.02,4565222
2020-02-25,104.82,104.89,98.31,98.88,5489871
2020-02-26,99.64,100.82,96.3,97.9,6110547
2020-02-27,95.53,100.69,93.2228,95.83,7692736
2020-02-28,92.95,98.34,92.7,97.2,6128559
2020-03-02,97.04,97.7,92.58,96.46,4791407
2020-03-03,96.58,96.79,92.24,93.33,6433252
2020-03-04,94.7,98.515,92.0,98.39,7065208
2020-03-05,94.1,95.14,91.29,91.5,9044871
2020-03-06,89.02,94.21,88.315,90.45,6450413
2020-03-09,83.4,87.54,83.4,86.18,7335076
2020-03-10,89.99,91.53,85.68,90.32,5472013
2020-03-11,88.22,88.22,79.17,81.09,9833168
2020-03-12,71.41,79.57,71.4,76.72,11472989
2020-03-13,80.85,81.98,76.64,78.63,8068331
2020-03-16,69.42,75.89,63.83,69.54,8594627
2020-03-17,70.57,71.0,61.85,64.83,10971816
2020-03-18,58.01,58.46,44.3,56.68,18585091
2020-03-19,55.0,62.82,51.04,58.03,13083263
2020-03-20,61.29,71.48,56.5,61.6,11376504
2020-03-23,61.25,67.78,60.05,63.33,10997583
2020-03-24,68.43,75.67,67.51,69.39,9953471
2020-03-25,75.31,76.73,67.3534,72.25,7691435
2020-03-26,75.6,78.76,70.24,73.2,7410076
2020-03-27,69.0,71.7,66.2,69.15,5782784
2020-03-30,66.79,69.83,64.5801,68.68,5063990
2020-03-31,68.75,71.83,67.89,68.24,5160584
2020-04-01,65.0,66.4007,62.36,63.04,5742099
2020-04-02,62.33,65.99,57.0,57.86,7927640
2020-04-03,58.0,59.475,53.7,55.94,7230888
2020-04-06,60.87,64.335,60.11,63.8,9122762
2020-04-07,70.18,73.4799,65.31,65.83,7901509
2020-04-08,67.31,70.19,66.33,70.09,8506721
2020-04-09,70.22,73.21,68.11,68.45,7535549
2020-04-13,68.53,68.9,64.32,66.64,3996473
2020-04-14,68.25,71.3,68.25,70.01,4573109
2020-04-15,66.04,71.28,65.61,69.87,5802298
2020-04-16,69.81,70.7,67.77,70.15,4749676
2020-04-17,74.67,75.85,72.73,75.62,4952371
2020-04-20,73.5,75.54,71.45,72.28,4812492
2020-04-21,70.33,72.48,70.1,71.35,3138304
2020-04-22,72.51,73.6,69.59,70.79,2708613
2020-04-23,71.59,73.79,70.7,71.94,2246076
2020-04-24,72.46,72.6,70.05,71.37,1953985
2020-04-27,73.15,75.99,72.745,75.19,2557989
2020-04-28,77.0,77.8,74.38,75.75,3003091
2020-04-29,77.02,81.74,77.02,79.28,6171750
2020-04-30,77.79,78.39,74.78,75.71,4381721
2020-05-01,73.11,73.75,71.42,72.03,3693145
2020-05-04,70.0,72.58,69.08,71.41,4294603
2020-05-05,72.76,73.68,71.41,71.74,3065857
2020-05-06,72.49,72.85,70.62,70.79,3836870
2020-05-07,71.97,73.4559,71.29,71.9,4737463
2020-05-08,72.78,74.03,71.72,72.19,8489383
2020-05-11,71.11,71.26,68.26,68.3,5531300
2020-05-12,68.94,69.34,66.56,67.0,3169223
2020-05-13,67.0,67.2,64.06,64.85,4944350
2020-05-14,63.36,68.21,62.47,68.17,6034223
2020-05-15,67.28,68.83,66.51,68.54,2330179
2020-05-18,72.17,74.67,72.08,73.07,6424213
2020-05-19,73.04,77.0799,71.8292,75.29,3953847
2020-05-20,76.86,78.32,75.94,77.72,3522026
2020-05-21,77.15,78.86,75.83,77.66,4791413
2020-05-22,78.0,78.785,76.69,78.39,2822683
2020-05-26,85.13,85.58,81.43,81.69,3879776
2020-05-27,84.14,84.515,80.76,83.15,5166778
2020-05-28,83.98,84.54,80.44,80.62,3368477
2020-05-29,79.54,80.25,78.38,79.31,3919624
2020-06-01,79.65,82.73,79.355,81.91,2373424
2020-06-02,83.0,83.65,81.24,83.6,3138102
2020-06-03,84.49,87.42,83.79,86.11,3624232
2020-06-04,86.19,87.44,84.36,86.34,3501748
2020-06-05,90.42,93.72,86.645,87.2,6684764
2020-06-08,89.86,90.78,88.54,89.7,4554112
2020-06-09,87.8,87.83,85.25,86.13,3086729
2020-06-10,85.38,85.92,82.35,82.83,3926779
2020-06-11,78.0,80.609,76.73,77.59,5264920
2020-06-12,80.93,81.0,76.16,77.45,4731769
2020-06-15,74.54,78.43,73.85,77.48,3402890
2020-06-16,81.29,81.74,76.725,78.25,3103885
2020-06-17,77.86,78.47,75.85,76.42,3457438
2020-06-18,75.74,79.14,75.43,78.16,3897242
2020-06-19,79.23,79.26,75.39,76.17,4260939
2020-06-22,75.95,76.805,74.83,76.08,1949470
2020-06-23,76.74,76.95,75.16,75.68,3952867
2020-06-24,75.0,75.0,71.59,73.19,3776673
2020-06-25,72.49,72.73,70.8066,72.51,3999708
2020-06-26,72.19,72.3,69.83,71.16,9989349
2020-06-29,71.52,73.92,70.11,73.92,3242400
2020-06-30,73.55,73.94,72.02,73.45,4377300
2020-07-01,74.68,76.53,74.12,74.44,3177400
2020-07-02,76.79,76.98,74.13,74.52,1766300
2020-07-06,76.08,76.35,74.98,76.24,2941700
2020-07-07,75.26,75.46,73.75,74.17,2761200
2020-07-08,74.3,75.09,73.4,75.09,3596800
2020-07-09,75.41,75.59,72.52,74.13,2807900
2020-07-10,73.83,75.27,73.5,75.24,2168300
2020-07-13,75.55,76.26,73.55,73.58,2983400
2020-07-14,73.21,73.54,71.86,73.51,2448700
2020-07-15,76.6,81.48,76.01,80.92,4625300
2020-07-16,79.8,81.22,78.96,80.89,2863200
2020-07-17,80.67,80.69,78.51,79.9,2268600
2020-07-20,79.44,80.32,77.53,78.17,2103476
2020-07-21,79.31,80.4,78.54,80.12,2086819
2020-07-22,79.61,80.35,78.79,79.62,2584135
2020-07-23,78.72,79.23,77.11,78.86,2150342
2020-07-24,78.42,78.5,76.93,77.43,1257384
2020-07-27,76.55,77.45,75.36,77.34,2389791
2020-07-28,77.02,77.58,76.5,76.67,2194787
2020-07-29,77.25,78.01,76.93,77.39,1605058
2020-07-30,76.5,76.96,75.38,76.14,2288581
2020-07-31,75.68,75.76,74.02,75.05,4115075
2020-08-03,74.4,75.62,73.5,74.74,1965751
2020-08-04,74.8,78.42,74.47,78.32,2856738
2020-08-05,79.61,80.03,77.83,80.0,3932789
2020-08-06,79.3,83.6,78.03,82.7,5000336
2020-08-07,82.35,83.86,81.21,83.7,3257136
2020-08-10,84.53,87.22,84.2,86.2,3588532
2020-08-11,87.55,88.46,86.45,87.02,5012172
2020-08-12,88.61,88.7,85.36,85.89,2169697
2020-08-13,85.25,87.0523,84.26,85.5,1721135
2020-08-14,85.89,86.84,85.25,86.0,1899780
2020-08-17,86.07,86.2,84.195,84.98,2322419
2020-08-18,85.01,85.22,83.36,84.07,1806633
2020-08-19,84.6,85.4,83.88,84.49,2010743
2020-08-20,83.47,85.71,83.12,85.1,2274405
2020-08-21,85.5,87.44,85.16,87.35,2318538
2020-08-24,87.85,89.21,86.8,88.4,2468661
2020-08-25,89.72,90.61,88.27,88.44,2053319
2020-08-26,88.21,88.21,86.7,86.8,2210255
2020-08-27,87.66,89.2927,87.585,88.8,3373196
2020-08-28,89.21,92.06,89.11,91.73,4251608
2020-08-31,91.61,91.69,89.48,90.36,3461786
2020-09-01,89.52,92.16,89.01,91.71,1712614
2020-09-02,91.89,91.97,90.38,91.34,3952749
2020-09-03,91.93,93.85,90.31,91.3,2541046
2020-09-04,92.68,93.39,90.75,90.94,3776024
2020-09-08,90.12,93.42,89.68,91.9,2781571
2020-09-09,91.7,91.88,90.13,90.39,2237962
2020-09-10,90.9,93.14,89.27,89.36,1774117
2020-09-11,89.61,89.635,86.21,87.37,1974467
2020-09-14,88.18,92.57,88.18,92.31,2139296
2020-09-15,92.45,93.78,91.79,91.94,1945275
2020-09-16,92.46,95.08,91.64,94.03,3831355
2020-09-17,92.68,93.1,90.62,91.17,3427499
2020-09-18,90.34,91.34,89.27,89.64,5451496
2020-09-21,87.2,87.3,83.52,85.48,5031539
2020-09-22,85.07,85.83,83.95,85.24,3816086
2020-09-23,85.69,87.33,83.68,83.86,2540864
2020-09-24,83.37,84.75,81.48,83.07,5307051
2020-09-25,83.06,86.06,82.825,85.93,3255572
2020-09-28,87.82,89.44,86.8,89.06,2289467
2020-09-29,88.9,88.98,86.43,86.6,2977634
2020-09-30,87.54,88.88,85.17,85.32,3127471
2020-10-01,85.92,87.24,85.55,87.22,1779510
2020-10-02,84.91,88.02,84.61,87.96,1644013
2020-10-05,88.45,90.0063,87.86,89.3,1342614
2020-10-06,90.28,92.39,89.38,89.6,2128009
2020-10-07,90.41,92.15,90.41,91.72,2108505
2020-10-08,92.28,92.93,91.14,92.54,2202457
2020-10-09,93.0,94.1,91.255,91.37,1654826
2020-10-12,91.44,91.78,90.385,91.35,1411670
2020-10-13,90.8,91.3,88.19,88.64,2085756
2020-10-14,89.0,90.23,87.8,88.3,2241190
2020-10-15,87.36,88.7,86.42,88.68,1330769
2020-10-16,88.88,90.1,88.52,89.5,1901759
2020-10-19,89.65,90.8407,86.97,87.55,1557488
2020-10-20,88.53,90.47,87.77,89.57,2279248
2020-10-21,89.33,89.63,88.2038,88.97,3418865
2020-10-22,90.21,94.43,89.705,94.39,4378409
2020-10-23,94.8,95.67,94.16,94.61,2407436
2020-10-26,92.92,93.0,88.47,90.38,2002762
2020-10-27,90.25,90.455,87.47,87.67,1667037
2020-10-28,85.98,86.65,83.8442,84.02,2279512
2020-10-29,84.02,87.445,83.62,86.51,2546324
2020-10-30,85.76,88.0775,84.78,87.81,2335951
